-- phpMyAdmin SQL Dump
-- version 4.5.1
-- http://www.phpmyadmin.net
--
-- Host: 127.0.0.1
-- Generation Time: 08 Agu 2020 pada 08.46
-- Versi Server: 10.1.9-MariaDB
-- PHP Version: 5.5.30

SET SQL_MODE = "NO_AUTO_VALUE_ON_ZERO";
SET time_zone = "+00:00";


/*!40101 SET @OLD_CHARACTER_SET_CLIENT=@@CHARACTER_SET_CLIENT */;
/*!40101 SET @OLD_CHARACTER_SET_RESULTS=@@CHARACTER_SET_RESULTS */;
/*!40101 SET @OLD_COLLATION_CONNECTION=@@COLLATION_CONNECTION */;
/*!40101 SET NAMES utf8mb4 */;

--
-- Database: `karyawan`
--

-- --------------------------------------------------------

--
-- Struktur dari tabel `alternatif_karyawan`
--

CREATE TABLE `alternatif_karyawan` (
  `id_alternatif_karyawan` int(11) NOT NULL,
  `id_periode_seleksi` int(11) NOT NULL,
  `id_karyawan` int(11) NOT NULL,
  `nik_karyawan` varchar(100) NOT NULL,
  `nama_karyawan` varchar(100) NOT NULL,
  `status` varchar(100) NOT NULL,
  `status_aktif` varchar(100) NOT NULL
) ENGINE=InnoDB DEFAULT CHARSET=utf8;

--
-- Dumping data untuk tabel `alternatif_karyawan`
--

INSERT INTO `alternatif_karyawan` (`id_alternatif_karyawan`, `id_periode_seleksi`, `id_karyawan`, `nik_karyawan`, `nama_karyawan`, `status`, `status_aktif`) VALUES
(121, 5, 4, 'WG/0704/0194', 'DERITA FONDRIYATI', 'Belum dinilai', 'Non-Aktif'),
(122, 5, 5, 'WG/0903/0128', 'SRI WAHYUNI', 'Belum dinilai', 'Non-Aktif'),
(123, 5, 6, 'WG/1112/1702', 'YUNAHAR OKTA SYAFTIAN', 'Belum dinilai', 'Non-Aktif'),
(124, 5, 7, 'WG/0512/1818', 'ANDRI KUSPRIYANTO', 'Belum dinilai', 'Non-Aktif'),
(125, 5, 8, 'WG/0303/0091', 'ANIS FUADAH NUR', 'Belum dinilai', 'Non-Aktif'),
(126, 5, 9, 'WG/0914/2465', 'MALIKIYATUL MASRUROH', 'Belum dinilai', 'Non-Aktif'),
(127, 5, 10, 'WG/1216/3345', 'TRULY NUGRAHENI', 'Belum dinilai', 'Non-Aktif'),
(128, 5, 11, 'WG/0917/3506', 'DIAN ASYIFAH PRATIWI', 'Belum dinilai', 'Non-Aktif'),
(129, 5, 12, 'WG/0610/0934', 'FERI KARMIATI', 'Belum dinilai', 'Non-Aktif'),
(130, 5, 13, 'WG/0419/4058', 'JERIT SWARA ALAM', 'Belum dinilai', 'Non-Aktif'),
(131, 6, 4, 'WG/0704/0194', 'DERITA FONDRIYATI', 'Sudah dinilai', 'Non-Aktif'),
(132, 6, 5, 'WG/0903/0128', 'SRI WAHYUNI', 'Belum dinilai', 'Non-Aktif'),
(133, 6, 6, 'WG/1112/1702', 'YUNAHAR OKTA SYAFTIAN', 'Belum dinilai', 'Non-Aktif'),
(134, 6, 7, 'WG/0512/1818', 'ANDRI KUSPRIYANTO', 'Belum dinilai', 'Non-Aktif'),
(135, 6, 8, 'WG/0303/0091', 'ANIS FUADAH NUR', 'Belum dinilai', 'Non-Aktif'),
(136, 6, 9, 'WG/0914/2465', 'MALIKIYATUL MASRUROH', 'Belum dinilai', 'Non-Aktif'),
(137, 6, 10, 'WG/1216/3345', 'TRULY NUGRAHENI', 'Belum dinilai', 'Non-Aktif'),
(138, 6, 11, 'WG/0917/3506', 'DIAN ASYIFAH PRATIWI', 'Belum dinilai', 'Non-Aktif'),
(139, 6, 12, 'WG/0610/0934', 'FERI KARMIATI', 'Belum dinilai', 'Non-Aktif'),
(140, 6, 13, 'WG/0419/4058', 'JERIT SWARA ALAM', 'Belum dinilai', 'Non-Aktif'),
(141, 7, 4, 'WG/0704/0194', 'DERITA FONDRIYATI', 'Belum dinilai', 'Non-Aktif'),
(142, 7, 5, 'WG/0903/0128', 'SRI WAHYUNI', 'Belum dinilai', 'Non-Aktif'),
(143, 7, 6, 'WG/1112/1702', 'YUNAHAR OKTA SYAFTIAN', 'Belum dinilai', 'Non-Aktif'),
(144, 7, 7, 'WG/0512/1818', 'ANDRI KUSPRIYANTO', 'Belum dinilai', 'Non-Aktif'),
(145, 7, 8, 'WG/0303/0091', 'ANIS FUADAH NUR', 'Belum dinilai', 'Non-Aktif'),
(146, 7, 9, 'WG/0914/2465', 'MALIKIYATUL MASRUROH', 'Belum dinilai', 'Non-Aktif'),
(147, 7, 10, 'WG/1216/3345', 'TRULY NUGRAHENI', 'Belum dinilai', 'Non-Aktif'),
(148, 7, 11, 'WG/0917/3506', 'DIAN ASYIFAH PRATIWI', 'Belum dinilai', 'Non-Aktif'),
(149, 7, 12, 'WG/0610/0934', 'FERI KARMIATI', 'Belum dinilai', 'Non-Aktif'),
(150, 7, 13, 'WG/0419/4058', 'JERIT SWARA ALAM', 'Belum dinilai', 'Non-Aktif'),
(151, 8, 4, 'WG/0704/0194', 'DERITA FONDRIYATI', 'Belum dinilai', 'Non-Aktif'),
(152, 8, 5, 'WG/0903/0128', 'SRI WAHYUNI', 'Belum dinilai', 'Non-Aktif'),
(153, 8, 6, 'WG/1112/1702', 'YUNAHAR OKTA SYAFTIAN', 'Belum dinilai', 'Non-Aktif'),
(154, 8, 7, 'WG/0512/1818', 'ANDRI KUSPRIYANTO', 'Belum dinilai', 'Non-Aktif'),
(155, 8, 8, 'WG/0303/0091', 'ANIS FUADAH NUR', 'Belum dinilai', 'Non-Aktif'),
(156, 8, 9, 'WG/0914/2465', 'MALIKIYATUL MASRUROH', 'Belum dinilai', 'Non-Aktif'),
(157, 8, 10, 'WG/1216/3345', 'TRULY NUGRAHENI', 'Belum dinilai', 'Non-Aktif'),
(158, 8, 11, 'WG/0917/3506', 'DIAN ASYIFAH PRATIWI', 'Belum dinilai', 'Non-Aktif'),
(159, 8, 12, 'WG/0610/0934', 'FERI KARMIATI', 'Belum dinilai', 'Non-Aktif'),
(160, 8, 13, 'WG/0419/4058', 'JERIT SWARA ALAM', 'Belum dinilai', 'Non-Aktif'),
(161, 9, 4, 'WG/0704/0194', 'DERITA FONDRIYATI', 'Sudah dinilai', 'Aktif'),
(162, 9, 5, 'WG/0903/0128', 'SRI WAHYUNI', 'Sudah dinilai', 'Aktif'),
(163, 9, 6, 'WG/1112/1702', 'YUNAHAR OKTA SYAFTIAN', 'Sudah dinilai', 'Aktif'),
(164, 9, 7, 'WG/0512/1818', 'ANDRI KUSPRIYANTO', 'Sudah dinilai', 'Aktif'),
(165, 9, 8, 'WG/0303/0091', 'ANIS FUADAH NUR', 'Sudah dinilai', 'Aktif'),
(166, 9, 9, 'WG/0914/2465', 'MALIKIYATUL MASRUROH', 'Sudah dinilai', 'Aktif'),
(167, 9, 10, 'WG/1216/3345', 'TRULY NUGRAHENI', 'Sudah dinilai', 'Aktif'),
(168, 9, 11, 'WG/0917/3506', 'DIAN ASYIFAH PRATIWI', 'Sudah dinilai', 'Aktif'),
(169, 9, 12, 'WG/0610/0934', 'FERI KARMIATI', 'Sudah dinilai', 'Aktif'),
(170, 9, 13, 'WG/0419/4058', 'JERIT SWARA ALAM', 'Sudah dinilai', 'Aktif'),
(171, 9, 14, 'WG/0419/4043', 'ADITYA HARI ANTARA', 'Sudah dinilai', 'Aktif'),
(172, 9, 15, 'WG/1213/2161', 'AGUS BUDIONO', 'Sudah dinilai', 'Aktif'),
(173, 9, 16, 'WG/0616/3209', 'AMALIYAH', 'Sudah dinilai', 'Aktif'),
(174, 9, 17, 'WG/0819/4089', 'ARDYAN PERBOWO WIDJANARKO', 'Sudah dinilai', 'Aktif'),
(175, 9, 18, 'WG/0916/3272', 'BENI SEPTIANTO', 'Sudah dinilai', 'Aktif'),
(176, 9, 19, 'WG/0217/3371', 'BUDHI AGUS TRIYANTO', 'Sudah dinilai', 'Aktif'),
(177, 9, 20, 'WG/0508/0548', 'DARSONO', 'Sudah dinilai', 'Aktif'),
(178, 9, 21, 'WG/0507/0456', 'DEDEK SAPUTRA', 'Sudah dinilai', 'Aktif'),
(179, 9, 22, 'WG/0416/3130', 'DIAH AYU OKTANINGROM', 'Sudah dinilai', 'Aktif'),
(180, 9, 23, 'WG/1011/1325', 'DIANA APRILINA', 'Sudah dinilai', 'Aktif'),
(181, 9, 24, 'WG/0419/4044', 'DWI PUTRA HERMAWAN', 'Sudah dinilai', 'Aktif'),
(182, 9, 25, 'WG/0315/2679', 'EKA PUJI LESTARI', 'Sudah dinilai', 'Aktif'),
(183, 9, 26, 'WG/0414/2287', 'EKO BUDIYANTO', 'Sudah dinilai', 'Aktif'),
(184, 9, 27, 'WG/0719/4088', 'GILANG RAHMAD FAUZAN', 'Sudah dinilai', 'Aktif'),
(185, 9, 28, 'WG/1113/2116', 'HAFIDZ MUBAROK ', 'Sudah dinilai', 'Aktif'),
(186, 9, 29, 'WG/1011/1304', 'HAMID LINANGKUNG', 'Sudah dinilai', 'Aktif'),
(187, 9, 30, 'WG/1007/0523', 'HERI ISWANTO', 'Sudah dinilai', 'Aktif'),
(188, 9, 31, 'WG/1019/4142', 'HERWINDA FITRI KIRANA', 'Sudah dinilai', 'Aktif'),
(189, 9, 32, 'WG/1108/0625', 'INDRA PERDANA', 'Sudah dinilai', 'Aktif'),
(190, 9, 33, 'WG/1119/4152', 'ISWANTO', 'Sudah dinilai', 'Aktif'),
(191, 9, 34, 'WG/0912/1665', 'KHOIRI ABDULLAH', 'Sudah dinilai', 'Aktif'),
(192, 9, 35, 'WG/0410/0806', 'KHOIRUL HUDA', 'Sudah dinilai', 'Aktif'),
(193, 9, 36, 'WG/1013/2071', 'LILA YULIAWATI ', 'Sudah dinilai', 'Aktif'),
(194, 9, 37, 'WG/0914/2506', 'LINNA FATIN AFRA', 'Sudah dinilai', 'Aktif'),
(195, 9, 38, 'WG/0519/4072', 'LUSIA SURYANTORO', 'Sudah dinilai', 'Aktif'),
(196, 9, 39, 'WG/1116/3330', 'MOH FARID IKHSANI', 'Sudah dinilai', 'Aktif'),
(197, 9, 40, 'WG/1003/0136', 'MUHAMAD SALEH MUNTASIR', 'Sudah dinilai', 'Aktif'),
(198, 9, 41, 'WG/1217/3581', 'MUH SUMARJONO', 'Sudah dinilai', 'Aktif'),
(199, 9, 42, 'WG/0216/3024', 'NASRUL ARIF', 'Sudah dinilai', 'Aktif'),
(200, 9, 43, 'WG/0505/0269', 'NOVIANTINI', 'Sudah dinilai', 'Aktif'),
(201, 9, 44, 'WG/0109/0671', 'NUR KARIMATUL FITRI', 'Sudah dinilai', 'Aktif'),
(202, 9, 45, 'WG/0808/0580', 'RATMANA MELYANA NUGRAHENI ', 'Sudah dinilai', 'Aktif'),
(203, 9, 46, 'WG/0519/4071', 'RIFA OKTAVIA ALMAS', 'Sudah dinilai', 'Aktif'),
(204, 9, 47, 'WG/1019/4143', 'ROHMATUL UMMAH', 'Sudah dinilai', 'Aktif'),
(205, 9, 48, 'WG/0305/0263', 'SARTINI', 'Sudah dinilai', 'Aktif'),
(206, 9, 49, 'WG/0219/3989', 'SASMITO LEOLANTIF', 'Sudah dinilai', 'Aktif'),
(207, 9, 50, 'WG/1203/0139', 'SHOHIBUL HALIM', 'Sudah dinilai', 'Aktif'),
(208, 9, 51, 'WG/1114/2546', 'SITI MIFTAHUROHMAH', 'Sudah dinilai', 'Aktif'),
(209, 9, 52, 'WG/0116/2944', 'SOLEH FERRI SETYAWAN', 'Sudah dinilai', 'Aktif'),
(210, 9, 53, 'WG/0219/3997', 'SUPRIYADI', 'Sudah dinilai', 'Aktif'),
(211, 9, 54, 'WG/0714/2407', 'SYARIFAH ROCHMANIYYAH', 'Sudah dinilai', 'Aktif'),
(212, 9, 55, 'WG/0213/1789', 'TRI PRASETYO', 'Sudah dinilai', 'Aktif'),
(213, 9, 56, 'WG/1211/1374', 'TRIYO SURYANTO', 'Sudah dinilai', 'Aktif'),
(214, 9, 57, 'WG/1204/0244', 'YHUNI PURWASIH', 'Sudah dinilai', 'Aktif'),
(215, 9, 58, 'WG/0311/1169', 'YULIA FITRIANI', 'Sudah dinilai', 'Aktif'),
(216, 9, 59, 'WG/1100/0002', 'YULI ARYADI', 'Sudah dinilai', 'Aktif'),
(217, 9, 60, 'WG/0904/0222', 'YUSUF', 'Sudah dinilai', 'Aktif'),
(218, 10, 4, 'WG/0704/0194', 'DERITA FONDRIYATI', 'Sudah dinilai', 'Aktif'),
(219, 10, 5, 'WG/0903/0128', 'SRI WAHYUNI', 'Sudah dinilai', 'Aktif'),
(220, 10, 6, 'WG/1112/1702', 'YUNAHAR OKTA SYAFTIAN', 'Sudah dinilai', 'Aktif'),
(221, 10, 7, 'WG/0512/1818', 'ANDRI KUSPRIYANTO', 'Sudah dinilai', 'Aktif'),
(222, 10, 8, 'WG/0303/0091', 'ANIS FUADAH NUR', 'Sudah dinilai', 'Aktif'),
(223, 10, 9, 'WG/0914/2465', 'MALIKIYATUL MASRUROH', 'Sudah dinilai', 'Aktif'),
(224, 10, 10, 'WG/1216/3345', 'TRULY NUGRAHENI', 'Sudah dinilai', 'Aktif'),
(225, 10, 11, 'WG/0917/3506', 'DIAN ASYIFAH PRATIWI', 'Sudah dinilai', 'Aktif'),
(226, 10, 12, 'WG/0610/0934', 'FERI KARMIATI', 'Sudah dinilai', 'Aktif'),
(227, 10, 13, 'WG/0419/4058', 'JERIT SWARA ALAM', 'Sudah dinilai', 'Aktif'),
(228, 10, 14, 'WG/0419/4043', 'ADITYA HARI ANTARA', 'Sudah dinilai', 'Aktif'),
(229, 10, 15, 'WG/1213/2161', 'AGUS BUDIONO', 'Sudah dinilai', 'Aktif'),
(230, 10, 16, 'WG/0616/3209', 'AMALIYAH', 'Sudah dinilai', 'Aktif'),
(231, 10, 17, 'WG/0819/4089', 'ARDYAN PERBOWO WIDJANARKO', 'Sudah dinilai', 'Aktif'),
(232, 10, 18, 'WG/0916/3272', 'BENI SEPTIANTO', 'Sudah dinilai', 'Aktif'),
(233, 10, 19, 'WG/0217/3371', 'BUDHI AGUS TRIYANTO', 'Sudah dinilai', 'Aktif'),
(234, 10, 20, 'WG/0508/0548', 'DARSONO', 'Sudah dinilai', 'Aktif'),
(235, 10, 21, 'WG/0507/0456', 'DEDEK SAPUTRA', 'Sudah dinilai', 'Aktif'),
(236, 10, 22, 'WG/0416/3130', 'DIAH AYU OKTANINGROM', 'Sudah dinilai', 'Aktif'),
(237, 10, 23, 'WG/1011/1325', 'DIANA APRILINA', 'Sudah dinilai', 'Aktif'),
(238, 10, 24, 'WG/0419/4044', 'DWI PUTRA HERMAWAN', 'Sudah dinilai', 'Aktif'),
(239, 10, 25, 'WG/0315/2679', 'EKA PUJI LESTARI', 'Sudah dinilai', 'Aktif'),
(240, 10, 26, 'WG/0414/2287', 'EKO BUDIYANTO', 'Sudah dinilai', 'Aktif'),
(241, 10, 27, 'WG/0719/4088', 'GILANG RAHMAD FAUZAN', 'Sudah dinilai', 'Aktif'),
(242, 10, 28, 'WG/1113/2116', 'HAFIDZ MUBAROK ', 'Sudah dinilai', 'Aktif'),
(243, 10, 29, 'WG/1011/1304', 'HAMID LINANGKUNG', 'Sudah dinilai', 'Aktif'),
(244, 10, 30, 'WG/1007/0523', 'HERI ISWANTO', 'Sudah dinilai', 'Aktif'),
(245, 10, 31, 'WG/1019/4142', 'HERWINDA FITRI KIRANA', 'Sudah dinilai', 'Aktif'),
(246, 10, 32, 'WG/1108/0625', 'INDRA PERDANA', 'Sudah dinilai', 'Aktif'),
(247, 10, 33, 'WG/1119/4152', 'ISWANTO', 'Sudah dinilai', 'Aktif'),
(248, 10, 34, 'WG/0912/1665', 'KHOIRI ABDULLAH', 'Sudah dinilai', 'Aktif'),
(249, 10, 35, 'WG/0410/0806', 'KHOIRUL HUDA', 'Sudah dinilai', 'Aktif'),
(250, 10, 36, 'WG/1013/2071', 'LILA YULIAWATI ', 'Sudah dinilai', 'Aktif'),
(251, 10, 37, 'WG/0914/2506', 'LINNA FATIN AFRA', 'Sudah dinilai', 'Aktif'),
(252, 10, 38, 'WG/0519/4072', 'LUSIA SURYANTORO', 'Sudah dinilai', 'Aktif'),
(253, 10, 39, 'WG/1116/3330', 'MOH FARID IKHSANI', 'Sudah dinilai', 'Aktif'),
(254, 10, 40, 'WG/1003/0136', 'MUHAMAD SALEH MUNTASIR', 'Sudah dinilai', 'Aktif'),
(255, 10, 41, 'WG/1217/3581', 'MUH SUMARJONO', 'Sudah dinilai', 'Aktif'),
(256, 10, 42, 'WG/0216/3024', 'NASRUL ARIF', 'Sudah dinilai', 'Aktif'),
(257, 10, 43, 'WG/0505/0269', 'NOVIANTINI', 'Sudah dinilai', 'Aktif'),
(258, 10, 44, 'WG/0109/0671', 'NUR KARIMATUL FITRI', 'Sudah dinilai', 'Aktif'),
(259, 10, 45, 'WG/0808/0580', 'RATMANA MELYANA NUGRAHENI ', 'Sudah dinilai', 'Aktif'),
(260, 10, 46, 'WG/0519/4071', 'RIFA OKTAVIA ALMAS', 'Sudah dinilai', 'Aktif'),
(261, 10, 47, 'WG/1019/4143', 'ROHMATUL UMMAH', 'Sudah dinilai', 'Aktif'),
(262, 10, 48, 'WG/0305/0263', 'SARTINI', 'Sudah dinilai', 'Aktif'),
(263, 10, 49, 'WG/0219/3989', 'SASMITO LEOLANTIF', 'Sudah dinilai', 'Aktif'),
(264, 10, 51, 'WG/1114/2546', 'SITI MIFTAHUROHMAH', 'Sudah dinilai', 'Aktif'),
(265, 10, 52, 'WG/0116/2944', 'SOLEH FERRI SETYAWAN', 'Sudah dinilai', 'Aktif'),
(266, 10, 53, 'WG/0219/3997', 'SUPRIYADI', 'Sudah dinilai', 'Aktif'),
(267, 10, 54, 'WG/0714/2407', 'SYARIFAH ROCHMANIYYAH', 'Sudah dinilai', 'Aktif'),
(268, 10, 55, 'WG/0213/1789', 'TRI PRASETYO', 'Sudah dinilai', 'Aktif'),
(269, 10, 56, 'WG/1211/1374', 'TRIYO SURYANTO', 'Sudah dinilai', 'Aktif'),
(270, 10, 57, 'WG/1204/0244', 'YHUNI PURWASIH', 'Sudah dinilai', 'Aktif'),
(271, 10, 58, 'WG/0311/1169', 'YULIA FITRIANI', 'Sudah dinilai', 'Aktif'),
(272, 10, 59, 'WG/1100/0002', 'YULI ARYADI', 'Sudah dinilai', 'Aktif'),
(273, 10, 60, 'WG/0904/0222', 'YUSUF', 'Sudah dinilai', 'Aktif'),
(274, 11, 4, 'WG/0704/0194', 'DERITA FONDRIYATI', 'Sudah dinilai', 'Aktif'),
(275, 11, 6, 'WG/1112/1702', 'YUNAHAR OKTA SYAFTIAN', 'Sudah dinilai', 'Aktif'),
(276, 11, 7, 'WG/0512/1818', 'ANDRI KUSPRIYANTO', 'Sudah dinilai', 'Aktif'),
(277, 11, 8, 'WG/0303/0091', 'ANIS FUADAH NUR', 'Sudah dinilai', 'Aktif'),
(278, 11, 9, 'WG/0914/2465', 'MALIKIYATUL MASRUROH', 'Sudah dinilai', 'Aktif'),
(279, 11, 10, 'WG/1216/3345', 'TRULY NUGRAHENI', 'Sudah dinilai', 'Aktif'),
(280, 11, 11, 'WG/0917/3506', 'DIAN ASYIFAH PRATIWI', 'Sudah dinilai', 'Aktif'),
(281, 11, 12, 'WG/0610/0934', 'FERI KARMIATI', 'Sudah dinilai', 'Aktif'),
(282, 11, 13, 'WG/0419/4058', 'JERIT SWARA ALAM', 'Sudah dinilai', 'Aktif'),
(283, 11, 14, 'WG/0419/4043', 'ADITYA HARI ANTARA', 'Sudah dinilai', 'Aktif'),
(284, 11, 15, 'WG/1213/2161', 'AGUS BUDIONO', 'Sudah dinilai', 'Aktif'),
(285, 11, 16, 'WG/0616/3209', 'AMALIYAH', 'Sudah dinilai', 'Aktif'),
(286, 11, 17, 'WG/0819/4089', 'ARDYAN PERBOWO WIDJANARKO', 'Sudah dinilai', 'Aktif'),
(287, 11, 18, 'WG/0916/3272', 'BENI SEPTIANTO', 'Sudah dinilai', 'Aktif'),
(288, 11, 19, 'WG/0217/3371', 'BUDHI AGUS TRIYANTO', 'Sudah dinilai', 'Aktif'),
(289, 11, 20, 'WG/0508/0548', 'DARSONO', 'Sudah dinilai', 'Aktif'),
(290, 11, 21, 'WG/0507/0456', 'DEDEK SAPUTRA', 'Sudah dinilai', 'Aktif'),
(291, 11, 22, 'WG/0416/3130', 'DIAH AYU OKTANINGROM', 'Sudah dinilai', 'Aktif'),
(292, 11, 23, 'WG/1011/1325', 'DIANA APRILINA', 'Sudah dinilai', 'Aktif'),
(293, 11, 24, 'WG/0419/4044', 'DWI PUTRA HERMAWAN', 'Sudah dinilai', 'Aktif'),
(294, 11, 25, 'WG/0315/2679', 'EKA PUJI LESTARI', 'Sudah dinilai', 'Aktif'),
(295, 11, 26, 'WG/0414/2287', 'EKO BUDIYANTO', 'Sudah dinilai', 'Aktif'),
(296, 11, 27, 'WG/0719/4088', 'GILANG RAHMAD FAUZAN', 'Sudah dinilai', 'Aktif'),
(297, 11, 28, 'WG/1113/2116', 'HAFIDZ MUBAROK ', 'Sudah dinilai', 'Aktif'),
(298, 11, 29, 'WG/1011/1304', 'HAMID LINANGKUNG', 'Sudah dinilai', 'Aktif'),
(299, 11, 30, 'WG/1007/0523', 'HERI ISWANTO', 'Sudah dinilai', 'Aktif'),
(300, 11, 31, 'WG/1019/4142', 'HERWINDA FITRI KIRANA', 'Sudah dinilai', 'Aktif'),
(301, 11, 32, 'WG/1108/0625', 'INDRA PERDANA', 'Sudah dinilai', 'Aktif'),
(302, 11, 33, 'WG/1119/4152', 'ISWANTO', 'Sudah dinilai', 'Aktif'),
(303, 11, 34, 'WG/0912/1665', 'KHOIRI ABDULLAH', 'Sudah dinilai', 'Aktif'),
(304, 11, 35, 'WG/0410/0806', 'KHOIRUL HUDA', 'Sudah dinilai', 'Aktif'),
(305, 11, 36, 'WG/1013/2071', 'LILA YULIAWATI ', 'Sudah dinilai', 'Aktif'),
(306, 11, 37, 'WG/0914/2506', 'LINNA FATIN AFRA', 'Sudah dinilai', 'Aktif'),
(307, 11, 38, 'WG/0519/4072', 'LUSIA SURYANTORO', 'Sudah dinilai', 'Aktif'),
(308, 11, 39, 'WG/1116/3330', 'MOH FARID IKHSANI', 'Sudah dinilai', 'Aktif'),
(309, 11, 40, 'WG/1003/0136', 'MUHAMAD SALEH MUNTASIR', 'Sudah dinilai', 'Aktif'),
(310, 11, 41, 'WG/1217/3581', 'MUH SUMARJONO', 'Sudah dinilai', 'Aktif'),
(311, 11, 42, 'WG/0216/3024', 'NASRUL ARIF', 'Sudah dinilai', 'Aktif'),
(312, 11, 43, 'WG/0505/0269', 'NOVIANTINI', 'Sudah dinilai', 'Aktif'),
(313, 11, 44, 'WG/0109/0671', 'NUR KARIMATUL FITRI', 'Sudah dinilai', 'Aktif'),
(314, 11, 45, 'WG/0808/0580', 'RATMANA MELYANA NUGRAHENI ', 'Sudah dinilai', 'Aktif'),
(315, 11, 46, 'WG/0519/4071', 'RIFA OKTAVIA ALMAS', 'Sudah dinilai', 'Aktif'),
(316, 11, 47, 'WG/1019/4143', 'ROHMATUL UMMAH', 'Sudah dinilai', 'Aktif'),
(317, 11, 48, 'WG/0305/0263', 'SARTINI', 'Sudah dinilai', 'Aktif'),
(318, 11, 49, 'WG/0219/3989', 'SASMITO LEOLANTIF', 'Sudah dinilai', 'Aktif'),
(319, 11, 51, 'WG/1114/2546', 'SITI MIFTAHUROHMAH', 'Sudah dinilai', 'Aktif'),
(320, 11, 52, 'WG/0116/2944', 'SOLEH FERRI SETYAWAN', 'Sudah dinilai', 'Aktif'),
(321, 11, 53, 'WG/0219/3997', 'SUPRIYADI', 'Sudah dinilai', 'Aktif'),
(322, 11, 54, 'WG/0714/2407', 'SYARIFAH ROCHMANIYYAH', 'Sudah dinilai', 'Aktif'),
(323, 11, 55, 'WG/0213/1789', 'TRI PRASETYO', 'Sudah dinilai', 'Aktif'),
(324, 11, 56, 'WG/1211/1374', 'TRIYO SURYANTO', 'Sudah dinilai', 'Aktif'),
(325, 11, 57, 'WG/1204/0244', 'YHUNI PURWASIH', 'Sudah dinilai', 'Aktif'),
(326, 11, 58, 'WG/0311/1169', 'YULIA FITRIANI', 'Sudah dinilai', 'Aktif'),
(327, 11, 59, 'WG/1100/0002', 'YULI ARYADI', 'Sudah dinilai', 'Aktif'),
(328, 11, 60, 'WG/0904/0222', 'YUSUF', 'Sudah dinilai', 'Aktif'),
(329, 12, 4, 'WG/0704/0194', 'DERITA FONDRIYATI', 'Sudah dinilai', 'Aktif'),
(330, 12, 7, 'WG/0512/1818', 'ANDRI KUSPRIYANTO', 'Sudah dinilai', 'Aktif'),
(331, 12, 8, 'WG/0303/0091', 'ANIS FUADAH NUR', 'Sudah dinilai', 'Aktif'),
(332, 12, 9, 'WG/0914/2465', 'MALIKIYATUL MASRUROH', 'Sudah dinilai', 'Aktif'),
(333, 12, 10, 'WG/1216/3345', 'TRULY NUGRAHENI', 'Sudah dinilai', 'Aktif'),
(334, 12, 11, 'WG/0917/3506', 'DIAN ASYIFAH PRATIWI', 'Sudah dinilai', 'Aktif'),
(335, 12, 12, 'WG/0610/0934', 'FERI KARMIATI', 'Sudah dinilai', 'Aktif'),
(336, 12, 13, 'WG/0419/4058', 'JERIT SWARA ALAM', 'Sudah dinilai', 'Aktif'),
(337, 12, 14, 'WG/0419/4043', 'ADITYA HARI ANTARA', 'Sudah dinilai', 'Aktif'),
(338, 12, 15, 'WG/1213/2161', 'AGUS BUDIONO', 'Sudah dinilai', 'Aktif'),
(339, 12, 16, 'WG/0616/3209', 'AMALIYAH', 'Sudah dinilai', 'Aktif'),
(340, 12, 17, 'WG/0819/4089', 'ARDYAN PERBOWO WIDJANARKO', 'Sudah dinilai', 'Aktif'),
(341, 12, 18, 'WG/0916/3272', 'BENI SEPTIANTO', 'Sudah dinilai', 'Aktif'),
(342, 12, 19, 'WG/0217/3371', 'BUDHI AGUS TRIYANTO', 'Sudah dinilai', 'Aktif'),
(343, 12, 20, 'WG/0508/0548', 'DARSONO', 'Sudah dinilai', 'Aktif'),
(344, 12, 21, 'WG/0507/0456', 'DEDEK SAPUTRA', 'Sudah dinilai', 'Aktif'),
(345, 12, 22, 'WG/0416/3130', 'DIAH AYU OKTANINGROM', 'Sudah dinilai', 'Aktif'),
(346, 12, 23, 'WG/1011/1325', 'DIANA APRILINA', 'Sudah dinilai', 'Aktif'),
(347, 12, 24, 'WG/0419/4044', 'DWI PUTRA HERMAWAN', 'Sudah dinilai', 'Aktif'),
(348, 12, 25, 'WG/0315/2679', 'EKA PUJI LESTARI', 'Sudah dinilai', 'Aktif'),
(349, 12, 26, 'WG/0414/2287', 'EKO BUDIYANTO', 'Sudah dinilai', 'Aktif'),
(350, 12, 27, 'WG/0719/4088', 'GILANG RAHMAD FAUZAN', 'Sudah dinilai', 'Aktif'),
(351, 12, 28, 'WG/1113/2116', 'HAFIDZ MUBAROK ', 'Sudah dinilai', 'Aktif'),
(352, 12, 29, 'WG/1011/1304', 'HAMID LINANGKUNG', 'Sudah dinilai', 'Aktif'),
(353, 12, 30, 'WG/1007/0523', 'HERI ISWANTO', 'Sudah dinilai', 'Aktif'),
(354, 12, 31, 'WG/1019/4142', 'HERWINDA FITRI KIRANA', 'Sudah dinilai', 'Aktif'),
(355, 12, 32, 'WG/1108/0625', 'INDRA PERDANA', 'Sudah dinilai', 'Aktif'),
(356, 12, 33, 'WG/1119/4152', 'ISWANTO', 'Sudah dinilai', 'Aktif'),
(357, 12, 34, 'WG/0912/1665', 'KHOIRI ABDULLAH', 'Sudah dinilai', 'Aktif'),
(358, 12, 35, 'WG/0410/0806', 'KHOIRUL HUDA', 'Sudah dinilai', 'Aktif'),
(359, 12, 36, 'WG/1013/2071', 'LILA YULIAWATI ', 'Sudah dinilai', 'Aktif'),
(360, 12, 37, 'WG/0914/2506', 'LINNA FATIN AFRA', 'Sudah dinilai', 'Aktif'),
(361, 12, 38, 'WG/0519/4072', 'LUSIA SURYANTORO', 'Sudah dinilai', 'Aktif'),
(362, 12, 39, 'WG/1116/3330', 'MOH FARID IKHSANI', 'Sudah dinilai', 'Aktif'),
(363, 12, 40, 'WG/1003/0136', 'MUHAMAD SALEH MUNTASIR', 'Sudah dinilai', 'Aktif'),
(364, 12, 41, 'WG/1217/3581', 'MUH SUMARJONO', 'Sudah dinilai', 'Aktif'),
(365, 12, 42, 'WG/0216/3024', 'NASRUL ARIF', 'Sudah dinilai', 'Aktif'),
(366, 12, 43, 'WG/0505/0269', 'NOVIANTINI', 'Sudah dinilai', 'Aktif'),
(367, 12, 44, 'WG/0109/0671', 'NUR KARIMATUL FITRI', 'Sudah dinilai', 'Aktif'),
(368, 12, 45, 'WG/0808/0580', 'RATMANA MELYANA NUGRAHENI ', 'Sudah dinilai', 'Aktif'),
(369, 12, 46, 'WG/0519/4071', 'RIFA OKTAVIA ALMAS', 'Sudah dinilai', 'Aktif'),
(370, 12, 47, 'WG/1019/4143', 'ROHMATUL UMMAH', 'Sudah dinilai', 'Aktif'),
(371, 12, 48, 'WG/0305/0263', 'SARTINI', 'Sudah dinilai', 'Aktif'),
(372, 12, 49, 'WG/0219/3989', 'SASMITO LEOLANTIF', 'Sudah dinilai', 'Aktif'),
(373, 12, 51, 'WG/1114/2546', 'SITI MIFTAHUROHMAH', 'Sudah dinilai', 'Aktif'),
(374, 12, 52, 'WG/0116/2944', 'SOLEH FERRI SETYAWAN', 'Sudah dinilai', 'Aktif'),
(375, 12, 53, 'WG/0219/3997', 'SUPRIYADI', 'Sudah dinilai', 'Aktif'),
(376, 12, 54, 'WG/0714/2407', 'SYARIFAH ROCHMANIYYAH', 'Sudah dinilai', 'Aktif'),
(377, 12, 55, 'WG/0213/1789', 'TRI PRASETYO', 'Sudah dinilai', 'Aktif'),
(378, 12, 56, 'WG/1211/1374', 'TRIYO SURYANTO', 'Sudah dinilai', 'Aktif'),
(379, 12, 57, 'WG/1204/0244', 'YHUNI PURWASIH', 'Sudah dinilai', 'Aktif'),
(380, 12, 58, 'WG/0311/1169', 'YULIA FITRIANI', 'Sudah dinilai', 'Aktif'),
(381, 12, 59, 'WG/1100/0002', 'YULI ARYADI', 'Sudah dinilai', 'Aktif'),
(382, 12, 60, 'WG/0904/0222', 'YUSUF', 'Sudah dinilai', 'Aktif'),
(383, 13, 4, 'WG/0704/0194', 'DERITA FONDRIYATI', 'Sudah dinilai', 'Aktif'),
(384, 13, 7, 'WG/0512/1818', 'ANDRI KUSPRIYANTO', 'Sudah dinilai', 'Aktif'),
(385, 13, 8, 'WG/0303/0091', 'ANIS FUADAH NUR', 'Sudah dinilai', 'Aktif'),
(386, 13, 9, 'WG/0914/2465', 'MALIKIYATUL MASRUROH', 'Sudah dinilai', 'Aktif'),
(387, 13, 10, 'WG/1216/3345', 'TRULY NUGRAHENI', 'Sudah dinilai', 'Aktif'),
(388, 13, 11, 'WG/0917/3506', 'DIAN ASYIFAH PRATIWI', 'Sudah dinilai', 'Aktif'),
(389, 13, 12, 'WG/0610/0934', 'FERI KARMIATI', 'Sudah dinilai', 'Aktif'),
(390, 13, 13, 'WG/0419/4058', 'JERIT SWARA ALAM', 'Sudah dinilai', 'Aktif'),
(391, 13, 14, 'WG/0419/4043', 'ADITYA HARI ANTARA', 'Sudah dinilai', 'Aktif'),
(392, 13, 15, 'WG/1213/2161', 'AGUS BUDIONO', 'Sudah dinilai', 'Aktif'),
(393, 13, 16, 'WG/0616/3209', 'AMALIYAH', 'Sudah dinilai', 'Aktif'),
(394, 13, 17, 'WG/0819/4089', 'ARDYAN PERBOWO WIDJANARKO', 'Sudah dinilai', 'Aktif'),
(395, 13, 18, 'WG/0916/3272', 'BENI SEPTIANTO', 'Sudah dinilai', 'Aktif'),
(396, 13, 19, 'WG/0217/3371', 'BUDHI AGUS TRIYANTO', 'Sudah dinilai', 'Aktif'),
(397, 13, 20, 'WG/0508/0548', 'DARSONO', 'Sudah dinilai', 'Aktif'),
(398, 13, 21, 'WG/0507/0456', 'DEDEK SAPUTRA', 'Sudah dinilai', 'Aktif'),
(399, 13, 22, 'WG/0416/3130', 'DIAH AYU OKTANINGROM', 'Sudah dinilai', 'Aktif'),
(400, 13, 23, 'WG/1011/1325', 'DIANA APRILINA', 'Sudah dinilai', 'Aktif'),
(401, 13, 24, 'WG/0419/4044', 'DWI PUTRA HERMAWAN', 'Sudah dinilai', 'Aktif'),
(402, 13, 25, 'WG/0315/2679', 'EKA PUJI LESTARI', 'Sudah dinilai', 'Aktif'),
(403, 13, 26, 'WG/0414/2287', 'EKO BUDIYANTO', 'Sudah dinilai', 'Aktif'),
(404, 13, 27, 'WG/0719/4088', 'GILANG RAHMAD FAUZAN', 'Sudah dinilai', 'Aktif'),
(405, 13, 28, 'WG/1113/2116', 'HAFIDZ MUBAROK ', 'Sudah dinilai', 'Aktif'),
(406, 13, 29, 'WG/1011/1304', 'HAMID LINANGKUNG', 'Sudah dinilai', 'Aktif'),
(407, 13, 30, 'WG/1007/0523', 'HERI ISWANTO', 'Sudah dinilai', 'Aktif'),
(408, 13, 31, 'WG/1019/4142', 'HERWINDA FITRI KIRANA', 'Sudah dinilai', 'Aktif'),
(409, 13, 32, 'WG/1108/0625', 'INDRA PERDANA', 'Sudah dinilai', 'Aktif'),
(410, 13, 33, 'WG/1119/4152', 'ISWANTO', 'Sudah dinilai', 'Aktif'),
(411, 13, 34, 'WG/0912/1665', 'KHOIRI ABDULLAH', 'Sudah dinilai', 'Aktif'),
(412, 13, 35, 'WG/0410/0806', 'KHOIRUL HUDA', 'Sudah dinilai', 'Aktif'),
(413, 13, 36, 'WG/1013/2071', 'LILA YULIAWATI ', 'Sudah dinilai', 'Aktif'),
(414, 13, 37, 'WG/0914/2506', 'LINNA FATIN AFRA', 'Sudah dinilai', 'Aktif'),
(415, 13, 38, 'WG/0519/4072', 'LUSIA SURYANTORO', 'Sudah dinilai', 'Aktif'),
(416, 13, 39, 'WG/1116/3330', 'MOH FARID IKHSANI', 'Sudah dinilai', 'Aktif'),
(417, 13, 41, 'WG/1217/3581', 'MUH SUMARJONO', 'Sudah dinilai', 'Aktif'),
(418, 13, 42, 'WG/0216/3024', 'NASRUL ARIF', 'Sudah dinilai', 'Aktif'),
(419, 13, 43, 'WG/0505/0269', 'NOVIANTINI', 'Sudah dinilai', 'Aktif'),
(420, 13, 44, 'WG/0109/0671', 'NUR KARIMATUL FITRI', 'Sudah dinilai', 'Aktif'),
(421, 13, 45, 'WG/0808/0580', 'RATMANA MELYANA NUGRAHENI ', 'Sudah dinilai', 'Aktif'),
(422, 13, 46, 'WG/0519/4071', 'RIFA OKTAVIA ALMAS', 'Sudah dinilai', 'Aktif'),
(423, 13, 47, 'WG/1019/4143', 'ROHMATUL UMMAH', 'Sudah dinilai', 'Aktif'),
(424, 13, 48, 'WG/0305/0263', 'SARTINI', 'Sudah dinilai', 'Aktif'),
(425, 13, 49, 'WG/0219/3989', 'SASMITO LEOLANTIF', 'Sudah dinilai', 'Aktif'),
(426, 13, 51, 'WG/1114/2546', 'SITI MIFTAHUROHMAH', 'Sudah dinilai', 'Aktif'),
(427, 13, 52, 'WG/0116/2944', 'SOLEH FERRI SETYAWAN', 'Sudah dinilai', 'Aktif'),
(428, 13, 53, 'WG/0219/3997', 'SUPRIYADI', 'Sudah dinilai', 'Aktif'),
(429, 13, 54, 'WG/0714/2407', 'SYARIFAH ROCHMANIYYAH', 'Sudah dinilai', 'Aktif'),
(430, 13, 55, 'WG/0213/1789', 'TRI PRASETYO', 'Sudah dinilai', 'Aktif'),
(431, 13, 56, 'WG/1211/1374', 'TRIYO SURYANTO', 'Sudah dinilai', 'Aktif'),
(432, 13, 57, 'WG/1204/0244', 'YHUNI PURWASIH', 'Sudah dinilai', 'Aktif'),
(433, 13, 58, 'WG/0311/1169', 'YULIA FITRIANI', 'Sudah dinilai', 'Aktif'),
(434, 13, 59, 'WG/1100/0002', 'YULI ARYADI', 'Sudah dinilai', 'Aktif'),
(435, 13, 60, 'WG/0904/0222', 'YUSUF', 'Sudah dinilai', 'Aktif'),
(436, 14, 4, 'WG/0704/0194', 'DERITA FONDRIYATI', 'Sudah dinilai', 'Aktif'),
(437, 14, 7, 'WG/0512/1818', 'ANDRI KUSPRIYANTO', 'Sudah dinilai', 'Aktif'),
(438, 14, 8, 'WG/0303/0091', 'ANIS FUADAH NUR', 'Sudah dinilai', 'Aktif'),
(439, 14, 9, 'WG/0914/2465', 'MALIKIYATUL MASRUROH', 'Sudah dinilai', 'Aktif'),
(440, 14, 10, 'WG/1216/3345', 'TRULY NUGRAHENI', 'Sudah dinilai', 'Aktif'),
(441, 14, 11, 'WG/0917/3506', 'DIAN ASYIFAH PRATIWI', 'Sudah dinilai', 'Aktif'),
(442, 14, 12, 'WG/0610/0934', 'FERI KARMIATI', 'Sudah dinilai', 'Aktif'),
(443, 14, 13, 'WG/0419/4058', 'JERIT SWARA ALAM', 'Sudah dinilai', 'Aktif'),
(444, 14, 14, 'WG/0419/4043', 'ADITYA HARI ANTARA', 'Sudah dinilai', 'Aktif'),
(445, 14, 15, 'WG/1213/2161', 'AGUS BUDIONO', 'Sudah dinilai', 'Aktif'),
(446, 14, 16, 'WG/0616/3209', 'AMALIYAH', 'Sudah dinilai', 'Aktif'),
(447, 14, 17, 'WG/0819/4089', 'ARDYAN PERBOWO WIDJANARKO', 'Sudah dinilai', 'Aktif'),
(448, 14, 18, 'WG/0916/3272', 'BENI SEPTIANTO', 'Sudah dinilai', 'Aktif'),
(449, 14, 19, 'WG/0217/3371', 'BUDHI AGUS TRIYANTO', 'Sudah dinilai', 'Aktif'),
(450, 14, 20, 'WG/0508/0548', 'DARSONO', 'Sudah dinilai', 'Aktif'),
(451, 14, 21, 'WG/0507/0456', 'DEDEK SAPUTRA', 'Sudah dinilai', 'Aktif'),
(452, 14, 22, 'WG/0416/3130', 'DIAH AYU OKTANINGROM', 'Sudah dinilai', 'Aktif'),
(453, 14, 23, 'WG/1011/1325', 'DIANA APRILINA', 'Sudah dinilai', 'Aktif'),
(454, 14, 24, 'WG/0419/4044', 'DWI PUTRA HERMAWAN', 'Sudah dinilai', 'Aktif'),
(455, 14, 25, 'WG/0315/2679', 'EKA PUJI LESTARI', 'Sudah dinilai', 'Aktif'),
(456, 14, 26, 'WG/0414/2287', 'EKO BUDIYANTO', 'Sudah dinilai', 'Aktif'),
(457, 14, 27, 'WG/0719/4088', 'GILANG RAHMAD FAUZAN', 'Sudah dinilai', 'Aktif'),
(458, 14, 28, 'WG/1113/2116', 'HAFIDZ MUBAROK ', 'Sudah dinilai', 'Aktif'),
(459, 14, 29, 'WG/1011/1304', 'HAMID LINANGKUNG', 'Sudah dinilai', 'Aktif'),
(460, 14, 30, 'WG/1007/0523', 'HERI ISWANTO', 'Sudah dinilai', 'Aktif'),
(461, 14, 31, 'WG/1019/4142', 'HERWINDA FITRI KIRANA', 'Sudah dinilai', 'Aktif'),
(462, 14, 33, 'WG/1119/4152', 'ISWANTO', 'Sudah dinilai', 'Aktif'),
(463, 14, 34, 'WG/0912/1665', 'KHOIRI ABDULLAH', 'Sudah dinilai', 'Aktif'),
(464, 14, 35, 'WG/0410/0806', 'KHOIRUL HUDA', 'Sudah dinilai', 'Aktif'),
(465, 14, 36, 'WG/1013/2071', 'LILA YULIAWATI ', 'Sudah dinilai', 'Aktif'),
(466, 14, 37, 'WG/0914/2506', 'LINNA FATIN AFRA', 'Sudah dinilai', 'Aktif'),
(467, 14, 38, 'WG/0519/4072', 'LUSIA SURYANTORO', 'Sudah dinilai', 'Aktif'),
(468, 14, 39, 'WG/1116/3330', 'MOH FARID IKHSANI', 'Sudah dinilai', 'Aktif'),
(469, 14, 41, 'WG/1217/3581', 'MUH SUMARJONO', 'Sudah dinilai', 'Aktif'),
(470, 14, 42, 'WG/0216/3024', 'NASRUL ARIF', 'Sudah dinilai', 'Aktif'),
(471, 14, 43, 'WG/0505/0269', 'NOVIANTINI', 'Sudah dinilai', 'Aktif'),
(472, 14, 44, 'WG/0109/0671', 'NUR KARIMATUL FITRI', 'Sudah dinilai', 'Aktif'),
(473, 14, 45, 'WG/0808/0580', 'RATMANA MELYANA NUGRAHENI ', 'Sudah dinilai', 'Aktif'),
(474, 14, 46, 'WG/0519/4071', 'RIFA OKTAVIA ALMAS', 'Sudah dinilai', 'Aktif'),
(475, 14, 47, 'WG/1019/4143', 'ROHMATUL UMMAH', 'Sudah dinilai', 'Aktif'),
(476, 14, 48, 'WG/0305/0263', 'SARTINI', 'Sudah dinilai', 'Aktif'),
(477, 14, 49, 'WG/0219/3989', 'SASMITO LEOLANTIF', 'Sudah dinilai', 'Aktif'),
(478, 14, 51, 'WG/1114/2546', 'SITI MIFTAHUROHMAH', 'Sudah dinilai', 'Aktif'),
(479, 14, 52, 'WG/0116/2944', 'SOLEH FERRI SETYAWAN', 'Sudah dinilai', 'Aktif'),
(480, 14, 53, 'WG/0219/3997', 'SUPRIYADI', 'Sudah dinilai', 'Aktif'),
(481, 14, 54, 'WG/0714/2407', 'SYARIFAH ROCHMANIYYAH', 'Sudah dinilai', 'Aktif'),
(482, 14, 55, 'WG/0213/1789', 'TRI PRASETYO', 'Sudah dinilai', 'Aktif'),
(483, 14, 56, 'WG/1211/1374', 'TRIYO SURYANTO', 'Sudah dinilai', 'Aktif'),
(484, 14, 57, 'WG/1204/0244', 'YHUNI PURWASIH', 'Sudah dinilai', 'Aktif'),
(485, 14, 58, 'WG/0311/1169', 'YULIA FITRIANI', 'Sudah dinilai', 'Aktif'),
(486, 14, 59, 'WG/1100/0002', 'YULI ARYADI', 'Sudah dinilai', 'Aktif'),
(487, 14, 60, 'WG/0904/0222', 'YUSUF', 'Sudah dinilai', 'Aktif'),
(488, 15, 4, 'WG/0704/0194', 'DERITA FONDRIYATI', 'Belum dinilai', 'Non-Aktif'),
(489, 15, 5, 'WG/0903/0128', 'SRI WAHYUNI', 'Belum dinilai', 'Non-Aktif'),
(490, 15, 6, 'WG/1112/1702', 'YUNAHAR OKTA SYAFTIAN', 'Belum dinilai', 'Non-Aktif'),
(491, 15, 7, 'WG/0512/1818', 'ANDRI KUSPRIYANTO', 'Belum dinilai', 'Non-Aktif'),
(492, 15, 8, 'WG/0303/0091', 'ANIS FUADAH NUR', 'Belum dinilai', 'Non-Aktif'),
(493, 15, 9, 'WG/0914/2465', 'MALIKIYATUL MASRUROH', 'Belum dinilai', 'Non-Aktif'),
(494, 15, 10, 'WG/1216/3345', 'TRULY NUGRAHENI', 'Belum dinilai', 'Non-Aktif'),
(495, 15, 11, 'WG/0917/3506', 'DIAN ASYIFAH PRATIWI', 'Belum dinilai', 'Non-Aktif'),
(496, 15, 12, 'WG/0610/0934', 'FERI KARMIATI', 'Belum dinilai', 'Non-Aktif'),
(497, 15, 13, 'WG/0419/4058', 'JERIT SWARA ALAM', 'Belum dinilai', 'Non-Aktif'),
(498, 15, 14, 'WG/0419/4043', 'ADITYA HARI ANTARA', 'Belum dinilai', 'Non-Aktif'),
(499, 15, 15, 'WG/1213/2161', 'AGUS BUDIONO', 'Belum dinilai', 'Non-Aktif'),
(500, 15, 16, 'WG/0616/3209', 'AMALIYAH', 'Belum dinilai', 'Non-Aktif'),
(501, 15, 17, 'WG/0819/4089', 'ARDYAN PERBOWO WIDJANARKO', 'Belum dinilai', 'Non-Aktif'),
(502, 15, 18, 'WG/0916/3272', 'BENI SEPTIANTO', 'Belum dinilai', 'Non-Aktif'),
(503, 15, 19, 'WG/0217/3371', 'BUDHI AGUS TRIYANTO', 'Belum dinilai', 'Non-Aktif'),
(504, 15, 20, 'WG/0508/0548', 'DARSONO', 'Belum dinilai', 'Non-Aktif'),
(505, 15, 21, 'WG/0507/0456', 'DEDEK SAPUTRA', 'Belum dinilai', 'Non-Aktif'),
(506, 15, 22, 'WG/0416/3130', 'DIAH AYU OKTANINGROM', 'Belum dinilai', 'Non-Aktif'),
(507, 15, 23, 'WG/1011/1325', 'DIANA APRILINA', 'Belum dinilai', 'Non-Aktif'),
(508, 15, 24, 'WG/0419/4044', 'DWI PUTRA HERMAWAN', 'Belum dinilai', 'Non-Aktif'),
(509, 15, 25, 'WG/0315/2679', 'EKA PUJI LESTARI', 'Belum dinilai', 'Non-Aktif'),
(510, 15, 26, 'WG/0414/2287', 'EKO BUDIYANTO', 'Belum dinilai', 'Non-Aktif'),
(511, 15, 27, 'WG/0719/4088', 'GILANG RAHMAD FAUZAN', 'Belum dinilai', 'Non-Aktif'),
(512, 15, 28, 'WG/1113/2116', 'HAFIDZ MUBAROK ', 'Belum dinilai', 'Non-Aktif'),
(513, 15, 29, 'WG/1011/1304', 'HAMID LINANGKUNG', 'Belum dinilai', 'Non-Aktif'),
(514, 15, 30, 'WG/1007/0523', 'HERI ISWANTO', 'Belum dinilai', 'Non-Aktif'),
(515, 15, 31, 'WG/1019/4142', 'HERWINDA FITRI KIRANA', 'Belum dinilai', 'Non-Aktif'),
(516, 15, 32, 'WG/1108/0625', 'INDRA PERDANA', 'Belum dinilai', 'Non-Aktif'),
(517, 15, 33, 'WG/1119/4152', 'ISWANTO', 'Belum dinilai', 'Non-Aktif'),
(518, 15, 34, 'WG/0912/1665', 'KHOIRI ABDULLAH', 'Belum dinilai', 'Non-Aktif'),
(519, 15, 35, 'WG/0410/0806', 'KHOIRUL HUDA', 'Belum dinilai', 'Non-Aktif'),
(520, 15, 36, 'WG/1013/2071', 'LILA YULIAWATI ', 'Belum dinilai', 'Non-Aktif'),
(521, 15, 37, 'WG/0914/2506', 'LINNA FATIN AFRA', 'Belum dinilai', 'Non-Aktif'),
(522, 15, 38, 'WG/0519/4072', 'LUSIA SURYANTORO', 'Belum dinilai', 'Non-Aktif'),
(523, 15, 39, 'WG/1116/3330', 'MOH FARID IKHSANI', 'Belum dinilai', 'Non-Aktif'),
(524, 15, 40, 'WG/1003/0136', 'MUHAMAD SALEH MUNTASIR', 'Belum dinilai', 'Non-Aktif'),
(525, 15, 41, 'WG/1217/3581', 'MUH SUMARJONO', 'Belum dinilai', 'Non-Aktif'),
(526, 15, 42, 'WG/0216/3024', 'NASRUL ARIF', 'Belum dinilai', 'Non-Aktif'),
(527, 15, 43, 'WG/0505/0269', 'NOVIANTINI', 'Belum dinilai', 'Non-Aktif'),
(528, 15, 44, 'WG/0109/0671', 'NUR KARIMATUL FITRI', 'Belum dinilai', 'Non-Aktif'),
(529, 15, 45, 'WG/0808/0580', 'RATMANA MELYANA NUGRAHENI ', 'Belum dinilai', 'Non-Aktif'),
(530, 15, 46, 'WG/0519/4071', 'RIFA OKTAVIA ALMAS', 'Belum dinilai', 'Non-Aktif'),
(531, 15, 47, 'WG/1019/4143', 'ROHMATUL UMMAH', 'Belum dinilai', 'Non-Aktif'),
(532, 15, 48, 'WG/0305/0263', 'SARTINI', 'Belum dinilai', 'Non-Aktif'),
(533, 15, 49, 'WG/0219/3989', 'SASMITO LEOLANTIF', 'Belum dinilai', 'Non-Aktif'),
(534, 15, 50, 'WG/1203/0139', 'SHOHIBUL HALIM', 'Belum dinilai', 'Non-Aktif'),
(535, 15, 51, 'WG/1114/2546', 'SITI MIFTAHUROHMAH', 'Belum dinilai', 'Non-Aktif'),
(536, 15, 52, 'WG/0116/2944', 'SOLEH FERRI SETYAWAN', 'Belum dinilai', 'Non-Aktif'),
(537, 15, 53, 'WG/0219/3997', 'SUPRIYADI', 'Belum dinilai', 'Non-Aktif'),
(538, 15, 54, 'WG/0714/2407', 'SYARIFAH ROCHMANIYYAH', 'Belum dinilai', 'Non-Aktif'),
(539, 15, 55, 'WG/0213/1789', 'TRI PRASETYO', 'Belum dinilai', 'Non-Aktif'),
(540, 15, 56, 'WG/1211/1374', 'TRIYO SURYANTO', 'Belum dinilai', 'Non-Aktif'),
(541, 15, 57, 'WG/1204/0244', 'YHUNI PURWASIH', 'Belum dinilai', 'Non-Aktif'),
(542, 15, 58, 'WG/0311/1169', 'YULIA FITRIANI', 'Belum dinilai', 'Non-Aktif'),
(543, 15, 59, 'WG/1100/0002', 'YULI ARYADI', 'Belum dinilai', 'Non-Aktif'),
(544, 15, 60, 'WG/0904/0222', 'YUSUF', 'Belum dinilai', 'Non-Aktif'),
(545, 16, 4, 'WG/0704/0194', 'DERITA FONDRIYATI', 'Belum dinilai', 'Aktif'),
(546, 16, 5, 'WG/0903/0128', 'SRI WAHYUNI', 'Belum dinilai', 'Aktif'),
(547, 16, 6, 'WG/1112/1702', 'YUNAHAR OKTA SYAFTIAN', 'Belum dinilai', 'Aktif'),
(548, 16, 7, 'WG/0512/1818', 'ANDRI KUSPRIYANTO', 'Belum dinilai', 'Aktif'),
(549, 16, 8, 'WG/0303/0091', 'ANIS FUADAH NUR', 'Belum dinilai', 'Aktif'),
(550, 16, 9, 'WG/0914/2465', 'MALIKIYATUL MASRUROH', 'Belum dinilai', 'Aktif'),
(551, 16, 10, 'WG/1216/3345', 'TRULY NUGRAHENI', 'Belum dinilai', 'Aktif'),
(552, 16, 11, 'WG/0917/3506', 'DIAN ASYIFAH PRATIWI', 'Belum dinilai', 'Aktif'),
(553, 16, 12, 'WG/0610/0934', 'FERI KARMIATI', 'Belum dinilai', 'Aktif'),
(554, 16, 13, 'WG/0419/4058', 'JERIT SWARA ALAM', 'Belum dinilai', 'Aktif'),
(555, 16, 14, 'WG/0419/4043', 'ADITYA HARI ANTARA', 'Belum dinilai', 'Aktif'),
(556, 16, 15, 'WG/1213/2161', 'AGUS BUDIONO', 'Belum dinilai', 'Aktif'),
(557, 16, 16, 'WG/0616/3209', 'AMALIYAH', 'Belum dinilai', 'Aktif'),
(558, 16, 17, 'WG/0819/4089', 'ARDYAN PERBOWO WIDJANARKO', 'Belum dinilai', 'Aktif'),
(559, 16, 18, 'WG/0916/3272', 'BENI SEPTIANTO', 'Belum dinilai', 'Aktif'),
(560, 16, 19, 'WG/0217/3371', 'BUDHI AGUS TRIYANTO', 'Belum dinilai', 'Aktif'),
(561, 16, 20, 'WG/0508/0548', 'DARSONO', 'Belum dinilai', 'Aktif'),
(562, 16, 21, 'WG/0507/0456', 'DEDEK SAPUTRA', 'Belum dinilai', 'Aktif'),
(563, 16, 22, 'WG/0416/3130', 'DIAH AYU OKTANINGROM', 'Belum dinilai', 'Aktif'),
(564, 16, 23, 'WG/1011/1325', 'DIANA APRILINA', 'Belum dinilai', 'Aktif'),
(565, 16, 24, 'WG/0419/4044', 'DWI PUTRA HERMAWAN', 'Belum dinilai', 'Aktif'),
(566, 16, 25, 'WG/0315/2679', 'EKA PUJI LESTARI', 'Belum dinilai', 'Aktif'),
(567, 16, 26, 'WG/0414/2287', 'EKO BUDIYANTO', 'Belum dinilai', 'Aktif'),
(568, 16, 27, 'WG/0719/4088', 'GILANG RAHMAD FAUZAN', 'Belum dinilai', 'Aktif'),
(569, 16, 28, 'WG/1113/2116', 'HAFIDZ MUBAROK ', 'Belum dinilai', 'Aktif'),
(570, 16, 29, 'WG/1011/1304', 'HAMID LINANGKUNG', 'Belum dinilai', 'Aktif'),
(571, 16, 30, 'WG/1007/0523', 'HERI ISWANTO', 'Belum dinilai', 'Aktif'),
(572, 16, 31, 'WG/1019/4142', 'HERWINDA FITRI KIRANA', 'Belum dinilai', 'Aktif'),
(573, 16, 32, 'WG/1108/0625', 'INDRA PERDANA', 'Belum dinilai', 'Aktif'),
(574, 16, 33, 'WG/1119/4152', 'ISWANTO', 'Belum dinilai', 'Aktif'),
(575, 16, 34, 'WG/0912/1665', 'KHOIRI ABDULLAH', 'Belum dinilai', 'Aktif'),
(576, 16, 35, 'WG/0410/0806', 'KHOIRUL HUDA', 'Belum dinilai', 'Aktif'),
(577, 16, 36, 'WG/1013/2071', 'LILA YULIAWATI ', 'Belum dinilai', 'Aktif'),
(578, 16, 37, 'WG/0914/2506', 'LINNA FATIN AFRA', 'Belum dinilai', 'Aktif'),
(579, 16, 38, 'WG/0519/4072', 'LUSIA SURYANTORO', 'Belum dinilai', 'Aktif'),
(580, 16, 39, 'WG/1116/3330', 'MOH FARID IKHSANI', 'Belum dinilai', 'Aktif'),
(581, 16, 40, 'WG/1003/0136', 'MUHAMAD SALEH MUNTASIR', 'Belum dinilai', 'Aktif'),
(582, 16, 41, 'WG/1217/3581', 'MUH SUMARJONO', 'Belum dinilai', 'Aktif'),
(583, 16, 42, 'WG/0216/3024', 'NASRUL ARIF', 'Belum dinilai', 'Aktif'),
(584, 16, 43, 'WG/0505/0269', 'NOVIANTINI', 'Belum dinilai', 'Aktif'),
(585, 16, 44, 'WG/0109/0671', 'NUR KARIMATUL FITRI', 'Belum dinilai', 'Aktif'),
(586, 16, 45, 'WG/0808/0580', 'RATMANA MELYANA NUGRAHENI ', 'Belum dinilai', 'Aktif'),
(587, 16, 46, 'WG/0519/4071', 'RIFA OKTAVIA ALMAS', 'Belum dinilai', 'Aktif'),
(588, 16, 47, 'WG/1019/4143', 'ROHMATUL UMMAH', 'Belum dinilai', 'Aktif'),
(589, 16, 48, 'WG/0305/0263', 'SARTINI', 'Belum dinilai', 'Aktif'),
(590, 16, 49, 'WG/0219/3989', 'SASMITO LEOLANTIF', 'Belum dinilai', 'Aktif'),
(591, 16, 50, 'WG/1203/0139', 'SHOHIBUL HALIM', 'Belum dinilai', 'Aktif'),
(592, 16, 51, 'WG/1114/2546', 'SITI MIFTAHUROHMAH', 'Belum dinilai', 'Aktif'),
(593, 16, 52, 'WG/0116/2944', 'SOLEH FERRI SETYAWAN', 'Belum dinilai', 'Aktif'),
(594, 16, 53, 'WG/0219/3997', 'SUPRIYADI', 'Belum dinilai', 'Aktif'),
(595, 16, 54, 'WG/0714/2407', 'SYARIFAH ROCHMANIYYAH', 'Belum dinilai', 'Aktif'),
(596, 16, 55, 'WG/0213/1789', 'TRI PRASETYO', 'Belum dinilai', 'Aktif'),
(597, 16, 56, 'WG/1211/1374', 'TRIYO SURYANTO', 'Belum dinilai', 'Aktif'),
(598, 16, 57, 'WG/1204/0244', 'YHUNI PURWASIH', 'Belum dinilai', 'Aktif'),
(599, 16, 58, 'WG/0311/1169', 'YULIA FITRIANI', 'Belum dinilai', 'Aktif'),
(600, 16, 59, 'WG/1100/0002', 'YULI ARYADI', 'Belum dinilai', 'Aktif'),
(601, 16, 60, 'WG/0904/0222', 'YUSUF', 'Belum dinilai', 'Aktif');

-- --------------------------------------------------------

--
-- Struktur dari tabel `cabang`
--

CREATE TABLE `cabang` (
  `id_cabang` int(11) NOT NULL,
  `nama_cabang` varchar(100) NOT NULL,
  `status_aktif` varchar(100) NOT NULL
) ENGINE=InnoDB DEFAULT CHARSET=utf8;

--
-- Dumping data untuk tabel `cabang`
--

INSERT INTO `cabang` (`id_cabang`, `nama_cabang`, `status_aktif`) VALUES
(4, 'Deresan', 'Aktif'),
(5, 'Umbulharjo', 'Aktif');

-- --------------------------------------------------------

--
-- Struktur dari tabel `departemen`
--

CREATE TABLE `departemen` (
  `id_departemen` int(11) NOT NULL,
  `nama_departemen` varchar(100) NOT NULL,
  `status_aktif` varchar(100) NOT NULL
) ENGINE=InnoDB DEFAULT CHARSET=utf8;

--
-- Dumping data untuk tabel `departemen`
--

INSERT INTO `departemen` (`id_departemen`, `nama_departemen`, `status_aktif`) VALUES
(1, 'HUMAN RESOURCES DEVELOPMENT', 'aktif'),
(2, 'KEUANGAN', 'aktif'),
(3, 'MARKETING', 'aktif'),
(4, 'PRODUCT', 'aktif'),
(5, 'PURCHASING & WAREHOUSE', 'aktif'),
(6, 'RESEARCH AND DEVELOPMENT', 'aktif');

-- --------------------------------------------------------

--
-- Struktur dari tabel `jabatan`
--

CREATE TABLE `jabatan` (
  `id_jabatan` int(11) NOT NULL,
  `nama_jabatan` varchar(100) NOT NULL,
  `status_aktif` varchar(100) NOT NULL
) ENGINE=InnoDB DEFAULT CHARSET=utf8;

--
-- Dumping data untuk tabel `jabatan`
--

INSERT INTO `jabatan` (`id_jabatan`, `nama_jabatan`, `status_aktif`) VALUES
(1, 'CS', 'Aktif'),
(2, 'DRIVER', 'Aktif'),
(3, 'SECURITY', 'Aktif'),
(4, 'STAFF', 'aktif'),
(5, 'STAFF ADMIN HRD', 'aktif'),
(6, 'STAFF ADMIN PURCHASING', 'aktif'),
(7, 'STAFF ADMIN WELFARE', 'aktif'),
(8, 'STAFF DESAINER GRAFIS', 'aktif'),
(9, 'STAFF GENERAL AFFAIR', 'aktif'),
(10, 'STAFF INPUTOR SUB BAGIAN BEBEK GORENG', 'aktif'),
(11, 'STAFF KEUANGAN', 'aktif'),
(12, 'STAFF KEU SUB BAGIAN BEBEK GORENG', 'aktif'),
(13, 'STAFF PURCHASING', 'aktif'),
(14, 'STAFF PAYROLL', 'aktif'),
(15, 'STAFF PRODUCT', 'aktif'),
(16, 'STAFF REKRUTMEN', 'aktif'),
(17, 'STAFF RESEP', 'aktif'),
(18, 'STAFF SPIRITUAL COMPANY', 'aktif'),
(19, 'STAFF TRAINING CENTER', 'aktif'),
(20, 'STAFF VIDEOGRAFER', 'aktif'),
(21, 'STAFF WAREHOUSE', 'aktif'),
(22, 'SUPERVISOR KEUANGAN', 'aktif'),
(23, 'SUPERVISOR KEU SUB BAGIAN BEBEK GORENG', 'aktif'),
(24, 'SUPERVISOR WAREHOUSE', 'aktif');

-- --------------------------------------------------------

--
-- Struktur dari tabel `karyawan`
--

CREATE TABLE `karyawan` (
  `id_karyawan` int(11) NOT NULL,
  `nama_karyawan` varchar(100) NOT NULL,
  `nik_karyawan` varchar(100) NOT NULL,
  `jenis_kelamin` varchar(100) NOT NULL,
  `cabang` int(100) NOT NULL,
  `jabatan` int(100) NOT NULL,
  `departemen` int(100) NOT NULL,
  `status_perkawinan` varchar(100) NOT NULL,
  `foto` varchar(100) NOT NULL,
  `status_aktif` varchar(100) NOT NULL
) ENGINE=InnoDB DEFAULT CHARSET=utf8;

--
-- Dumping data untuk tabel `karyawan`
--

INSERT INTO `karyawan` (`id_karyawan`, `nama_karyawan`, `nik_karyawan`, `jenis_kelamin`, `cabang`, `jabatan`, `departemen`, `status_perkawinan`, `foto`, `status_aktif`) VALUES
(4, 'DERITA FONDRIYATI', 'WG/0704/0194', 'perempuan', 4, 14, 1, 'menikah', 'file_1590562835.jpg', 'Aktif'),
(5, 'SRI WAHYUNI', 'WG/0903/0128', 'perempuan', 4, 16, 1, 'menikah', 'file_1590562762.jpg', 'Aktif'),
(6, 'YUNAHAR OKTA SYAFTIAN', 'WG/1112/1702', 'laki-laki', 4, 7, 1, 'menikah', 'file_1590563137.jpeg', 'Aktif'),
(7, 'ANDRI KUSPRIYANTO', 'WG/0512/1818', 'laki-laki', 4, 13, 5, 'menikah', 'file_1590563298.jpg', 'Aktif'),
(8, 'ANIS FUADAH NUR', 'WG/0303/0091', 'perempuan', 4, 12, 2, 'menikah', 'file_1590563413.jpg', 'Aktif'),
(9, 'MALIKIYATUL MASRUROH', 'WG/0914/2465', 'perempuan', 4, 11, 2, 'lajang', 'file_1590563500.jpg', 'Aktif'),
(10, 'TRULY NUGRAHENI', 'WG/1216/3345', 'perempuan', 4, 8, 3, 'menikah', 'file_1590563640.jpg', 'Aktif'),
(11, 'DIAN ASYIFAH PRATIWI', 'WG/0917/3506', 'perempuan', 4, 4, 3, 'menikah', 'file_1590564257.jpg', 'Aktif'),
(12, 'FERI KARMIATI', 'WG/0610/0934', 'perempuan', 4, 11, 2, 'lajang', 'file_1590564352.jpg', 'Aktif'),
(13, 'JERIT SWARA ALAM', 'WG/0419/4058', 'laki-laki', 4, 8, 3, 'lajang', 'file_1590564477.jpg', 'Aktif'),
(14, 'ADITYA HARI ANTARA', 'WG/0419/4043', 'laki-laki', 4, 20, 3, 'lajang', 'file_1594016061.jpeg', 'Aktif'),
(15, 'AGUS BUDIONO', 'WG/1213/2161', 'laki-laki', 4, 2, 5, 'lajang', 'file_1594086703.jpg', 'Aktif'),
(16, 'AMALIYAH', 'WG/0616/3209', 'perempuan', 4, 6, 5, 'lajang', 'file_1594086913.jpg', 'Aktif'),
(17, 'ARDYAN PERBOWO WIDJANARKO', 'WG/0819/4089', 'laki-laki', 4, 15, 4, 'lajang', 'file_1594086985.jpg', 'Aktif'),
(18, 'BENI SEPTIANTO', 'WG/0916/3272', 'laki-laki', 4, 1, 1, 'lajang', 'file_1594087135.jpg', 'Aktif'),
(19, 'BUDHI AGUS TRIYANTO', 'WG/0217/3371', 'laki-laki', 4, 2, 3, 'lajang', 'file_1594087196.jpg', 'Aktif'),
(20, 'DARSONO', 'WG/0508/0548', 'laki-laki', 4, 21, 5, 'lajang', 'file_1594087274.jpg', 'Aktif'),
(21, 'DEDEK SAPUTRA', 'WG/0507/0456', 'laki-laki', 4, 6, 5, 'menikah', 'file_1594087414.jpg', 'Aktif'),
(22, 'DIAH AYU OKTANINGROM', 'WG/0416/3130', 'perempuan', 4, 11, 2, 'lajang', 'file_1594087477.jpg', 'Aktif'),
(23, 'DIANA APRILINA', 'WG/1011/1325', 'perempuan', 4, 23, 2, 'menikah', 'file_1594087594.jpg', 'Aktif'),
(24, 'DWI PUTRA HERMAWAN', 'WG/0419/4044', 'laki-laki', 4, 19, 6, 'lajang', 'file_1594087686.jpg', 'Aktif'),
(25, 'EKA PUJI LESTARI', 'WG/0315/2679', 'perempuan', 4, 10, 2, 'lajang', 'file_1594087746.jpg', 'Aktif'),
(26, 'EKO BUDIYANTO', 'WG/0414/2287', 'laki-laki', 4, 21, 5, 'lajang', 'file_1594087944.jpeg', 'Aktif'),
(27, 'GILANG RAHMAD FAUZAN', 'WG/0719/4088', 'laki-laki', 4, 19, 6, 'lajang', 'file_1594088045.jpg', 'Aktif'),
(28, 'HAFIDZ MUBAROK ', 'WG/1113/2116', 'laki-laki', 4, 13, 5, 'lajang', 'file_1594088102.jpg', 'Aktif'),
(29, 'HAMID LINANGKUNG', 'WG/1011/1304', 'laki-laki', 4, 11, 2, 'lajang', 'file_1594088330.jpg', 'Aktif'),
(30, 'HERI ISWANTO', 'WG/1007/0523', 'laki-laki', 4, 18, 6, 'menikah', 'file_1594088734.jpg', 'Aktif'),
(31, 'HERWINDA FITRI KIRANA', 'WG/1019/4142', 'perempuan', 4, 11, 2, 'lajang', 'file_1594088812.jpg', 'Aktif'),
(32, 'INDRA PERDANA', 'WG/1108/0625', 'laki-laki', 4, 9, 1, 'menikah', 'file_1594089415.jpg', 'Aktif'),
(33, 'ISWANTO', 'WG/1119/4152', 'laki-laki', 4, 15, 4, 'lajang', 'file_1594089506.jpg', 'Aktif'),
(34, 'KHOIRI ABDULLAH', 'WG/0912/1665', 'laki-laki', 4, 11, 2, 'menikah', 'file_1594174613.jpeg', 'Aktif'),
(35, 'KHOIRUL HUDA', 'WG/0410/0806', 'laki-laki', 4, 11, 2, 'lajang', 'file_1594174704.jpg', 'Aktif'),
(36, 'LILA YULIAWATI ', 'WG/1013/2071', 'perempuan', 4, 14, 1, 'menikah', 'file_1594174762.jpg', 'Aktif'),
(37, 'LINNA FATIN AFRA', 'WG/0914/2506', 'perempuan', 4, 13, 5, 'lajang', 'file_1594174832.jpg', 'Aktif'),
(38, 'LUSIA SURYANTORO', 'WG/0519/4072', 'laki-laki', 4, 20, 3, 'lajang', 'file_1594174891.jpg', 'Aktif'),
(39, 'MOH FARID IKHSANI', 'WG/1116/3330', 'laki-laki', 4, 9, 1, 'lajang', 'file_1594174983.jpg', 'Aktif'),
(40, 'MUHAMAD SALEH MUNTASIR', 'WG/1003/0136', 'laki-laki', 4, 13, 5, 'menikah', 'file_1594175075.jpg', 'Aktif'),
(41, 'MUH SUMARJONO', 'WG/1217/3581', 'laki-laki', 4, 3, 5, 'menikah', 'file_1594175142.jpg', 'Aktif'),
(42, 'NASRUL ARIF', 'WG/0216/3024', 'laki-laki', 4, 1, 1, 'lajang', 'file_1594175249.jpg', 'Aktif'),
(43, 'NOVIANTINI', 'WG/0505/0269', 'perempuan', 4, 11, 2, 'menikah', 'file_1594175301.jpg', 'Aktif'),
(44, 'NUR KARIMATUL FITRI', 'WG/0109/0671', 'perempuan', 4, 12, 2, 'lajang', 'file_1594175767.jpg', 'Aktif'),
(45, 'RATMANA MELYANA NUGRAHENI ', 'WG/0808/0580', 'perempuan', 4, 22, 2, 'lajang', 'file_1594175972.jpg', 'Aktif'),
(46, 'RIFA OKTAVIA ALMAS', 'WG/0519/4071', 'perempuan', 4, 6, 5, 'lajang', 'file_1594176153.jpg', 'Aktif'),
(47, 'ROHMATUL UMMAH', 'WG/1019/4143', 'perempuan', 4, 13, 5, 'lajang', 'file_1594176233.jpg', 'Aktif'),
(48, 'SARTINI', 'WG/0305/0263', 'perempuan', 4, 11, 2, 'menikah', 'file_1594176850.jpg', 'Aktif'),
(49, 'SASMITO LEOLANTIF', 'WG/0219/3989', 'laki-laki', 4, 4, 3, 'menikah', 'file_1594176910.jpg', 'Aktif'),
(50, 'SHOHIBUL HALIM', 'WG/1203/0139', 'laki-laki', 4, 18, 6, 'menikah', 'file_1594176968.jpg', 'Aktif'),
(51, 'SITI MIFTAHUROHMAH', 'WG/1114/2546', 'perempuan', 5, 6, 5, 'menikah', 'file_1594177010.jpg', 'Aktif'),
(52, 'SOLEH FERRI SETYAWAN', 'WG/0116/2944', 'laki-laki', 4, 5, 1, 'menikah', 'file_1594177059.jpg', 'Aktif'),
(53, 'SUPRIYADI', 'WG/0219/3997', 'laki-laki', 4, 17, 5, 'lajang', 'file_1594177688.jpg', 'Aktif'),
(54, 'SYARIFAH ROCHMANIYYAH', 'WG/0714/2407', 'perempuan', 4, 11, 2, 'lajang', 'file_1594177805.jpg', 'Aktif'),
(55, 'TRI PRASETYO', 'WG/0213/1789', 'laki-laki', 4, 4, 3, 'lajang', 'file_1594177920.jpeg', 'Aktif'),
(56, 'TRIYO SURYANTO', 'WG/1211/1374', 'laki-laki', 4, 4, 2, 'menikah', 'file_1594178004.jpg', 'Aktif'),
(57, 'YHUNI PURWASIH', 'WG/1204/0244', 'perempuan', 4, 6, 5, 'lajang', 'file_1594178071.jpg', 'Aktif'),
(58, 'YULIA FITRIANI', 'WG/0311/1169', 'perempuan', 4, 6, 5, 'menikah', 'file_1594178125.jpg', 'Aktif'),
(59, 'YULI ARYADI', 'WG/1100/0002', 'laki-laki', 4, 19, 6, 'menikah', 'file_1594178178.jpg', 'Aktif'),
(60, 'YUSUF', 'WG/0904/0222', 'laki-laki', 4, 21, 5, 'menikah', 'file_1594178244.jpg', 'Aktif');

-- --------------------------------------------------------

--
-- Struktur dari tabel `kriteria`
--

CREATE TABLE `kriteria` (
  `id_kriteria` int(11) NOT NULL,
  `nama_kriteria` varchar(100) NOT NULL,
  `tipe_kriteria` varchar(100) NOT NULL,
  `bobot` int(11) NOT NULL,
  `status_aktif` varchar(100) NOT NULL
) ENGINE=InnoDB DEFAULT CHARSET=utf8;

--
-- Dumping data untuk tabel `kriteria`
--

INSERT INTO `kriteria` (`id_kriteria`, `nama_kriteria`, `tipe_kriteria`, `bobot`, `status_aktif`) VALUES
(3, 'Status Karyawan', 'benefit', 10, 'Aktif'),
(4, 'Lama Bekerja', 'benefit', 30, 'Aktif'),
(5, 'Absensi Alpha', 'cost', 40, 'Aktif'),
(6, 'Hafalan', 'benefit', 20, 'Aktif');

-- --------------------------------------------------------

--
-- Struktur dari tabel `nilai_alternatif_karyawan`
--

CREATE TABLE `nilai_alternatif_karyawan` (
  `id_nilai` int(11) NOT NULL,
  `id_periode_seleksi` int(11) NOT NULL,
  `id_alternatif_karyawan` int(11) NOT NULL,
  `id_kriteria` int(11) NOT NULL,
  `nilai` decimal(20,5) NOT NULL
) ENGINE=InnoDB DEFAULT CHARSET=utf8;

--
-- Dumping data untuk tabel `nilai_alternatif_karyawan`
--

INSERT INTO `nilai_alternatif_karyawan` (`id_nilai`, `id_periode_seleksi`, `id_alternatif_karyawan`, `id_kriteria`, `nilai`) VALUES
(1, 2, 91, 3, '3.00000'),
(2, 2, 91, 4, '3.00000'),
(3, 2, 91, 5, '3.00000'),
(4, 2, 91, 6, '4.00000'),
(5, 2, 92, 3, '3.00000'),
(6, 2, 92, 4, '2.00000'),
(7, 2, 92, 5, '3.00000'),
(8, 2, 92, 6, '2.00000'),
(9, 2, 93, 3, '3.00000'),
(10, 2, 93, 4, '3.00000'),
(11, 2, 93, 5, '2.00000'),
(12, 2, 93, 6, '3.00000'),
(13, 2, 94, 3, '5.00000'),
(14, 2, 94, 4, '3.00000'),
(15, 2, 94, 5, '2.00000'),
(16, 2, 94, 6, '3.00000'),
(17, 2, 95, 3, '5.00000'),
(18, 2, 95, 4, '3.00000'),
(19, 2, 95, 5, '2.00000'),
(20, 2, 95, 6, '3.00000'),
(21, 2, 96, 3, '5.00000'),
(22, 2, 96, 4, '4.00000'),
(23, 2, 96, 5, '4.00000'),
(24, 2, 96, 6, '4.00000'),
(25, 2, 97, 3, '3.00000'),
(26, 2, 97, 4, '4.00000'),
(27, 2, 97, 5, '1.00000'),
(28, 2, 97, 6, '3.00000'),
(29, 2, 98, 3, '3.00000'),
(30, 2, 98, 4, '2.00000'),
(31, 2, 98, 5, '2.00000'),
(32, 2, 98, 6, '2.00000'),
(33, 2, 99, 3, '5.00000'),
(34, 2, 99, 4, '3.00000'),
(35, 2, 99, 5, '2.00000'),
(36, 2, 99, 6, '2.00000'),
(37, 2, 100, 3, '3.00000'),
(38, 2, 100, 4, '2.00000'),
(39, 2, 100, 5, '1.00000'),
(40, 2, 100, 6, '1.00000'),
(41, 6, 131, 3, '5.00000'),
(42, 6, 131, 4, '2.00000'),
(43, 6, 131, 5, '2.00000'),
(44, 6, 131, 6, '2.00000'),
(45, 9, 161, 3, '5.00000'),
(46, 9, 161, 4, '4.00000'),
(47, 9, 161, 5, '4.00000'),
(48, 9, 161, 6, '2.00000'),
(49, 9, 162, 3, '5.00000'),
(50, 9, 162, 4, '3.00000'),
(51, 9, 162, 5, '4.00000'),
(52, 9, 162, 6, '5.00000'),
(53, 9, 163, 3, '5.00000'),
(54, 9, 163, 4, '3.00000'),
(55, 9, 163, 5, '5.00000'),
(56, 9, 163, 6, '5.00000'),
(57, 9, 164, 3, '5.00000'),
(58, 9, 164, 4, '3.00000'),
(59, 9, 164, 5, '5.00000'),
(60, 9, 164, 6, '2.00000'),
(61, 9, 165, 3, '5.00000'),
(62, 9, 165, 4, '4.00000'),
(63, 9, 165, 5, '5.00000'),
(64, 9, 165, 6, '2.00000'),
(65, 9, 166, 3, '5.00000'),
(66, 9, 166, 4, '3.00000'),
(67, 9, 166, 5, '5.00000'),
(68, 9, 166, 6, '2.00000'),
(69, 9, 167, 3, '5.00000'),
(70, 9, 167, 4, '2.00000'),
(71, 9, 167, 5, '3.00000'),
(72, 9, 167, 6, '1.00000'),
(73, 9, 168, 3, '5.00000'),
(74, 9, 168, 4, '2.00000'),
(75, 9, 168, 5, '1.00000'),
(76, 9, 168, 6, '1.00000'),
(77, 9, 169, 3, '5.00000'),
(78, 9, 169, 4, '3.00000'),
(79, 9, 169, 5, '5.00000'),
(80, 9, 169, 6, '1.00000'),
(81, 9, 170, 3, '3.00000'),
(82, 9, 170, 4, '2.00000'),
(83, 9, 170, 5, '5.00000'),
(84, 9, 170, 6, '1.00000'),
(85, 9, 171, 3, '3.00000'),
(86, 9, 171, 4, '2.00000'),
(87, 9, 171, 5, '5.00000'),
(88, 9, 171, 6, '1.00000'),
(89, 9, 172, 3, '5.00000'),
(90, 9, 172, 4, '3.00000'),
(91, 9, 172, 5, '5.00000'),
(92, 9, 172, 6, '1.00000'),
(93, 9, 173, 3, '5.00000'),
(94, 9, 173, 4, '2.00000'),
(95, 9, 173, 5, '5.00000'),
(96, 9, 173, 6, '1.00000'),
(97, 9, 174, 3, '3.00000'),
(98, 9, 174, 4, '2.00000'),
(99, 9, 174, 5, '5.00000'),
(100, 9, 174, 6, '1.00000'),
(101, 9, 175, 3, '5.00000'),
(102, 9, 175, 4, '2.00000'),
(103, 9, 175, 5, '5.00000'),
(104, 9, 175, 6, '1.00000'),
(105, 9, 176, 3, '5.00000'),
(106, 9, 176, 4, '2.00000'),
(107, 9, 176, 5, '5.00000'),
(108, 9, 176, 6, '1.00000'),
(109, 9, 177, 3, '5.00000'),
(110, 9, 177, 4, '4.00000'),
(111, 9, 177, 5, '5.00000'),
(112, 9, 177, 6, '1.00000'),
(113, 9, 178, 3, '5.00000'),
(114, 9, 178, 4, '4.00000'),
(115, 9, 178, 5, '5.00000'),
(116, 9, 178, 6, '1.00000'),
(117, 9, 179, 3, '5.00000'),
(118, 9, 179, 4, '2.00000'),
(119, 9, 179, 5, '5.00000'),
(120, 9, 179, 6, '1.00000'),
(121, 9, 180, 3, '5.00000'),
(122, 9, 180, 4, '3.00000'),
(123, 9, 180, 5, '5.00000'),
(124, 9, 180, 6, '3.00000'),
(125, 9, 181, 3, '3.00000'),
(126, 9, 181, 4, '2.00000'),
(127, 9, 181, 5, '5.00000'),
(128, 9, 181, 6, '1.00000'),
(129, 9, 182, 3, '5.00000'),
(130, 9, 182, 4, '2.00000'),
(131, 9, 182, 5, '5.00000'),
(132, 9, 182, 6, '1.00000'),
(133, 9, 183, 3, '5.00000'),
(134, 9, 183, 4, '3.00000'),
(135, 9, 183, 5, '5.00000'),
(136, 9, 183, 6, '1.00000'),
(137, 9, 184, 3, '3.00000'),
(138, 9, 184, 4, '2.00000'),
(139, 9, 184, 5, '5.00000'),
(140, 9, 184, 6, '1.00000'),
(141, 9, 185, 3, '5.00000'),
(142, 9, 185, 4, '3.00000'),
(143, 9, 185, 5, '5.00000'),
(144, 9, 185, 6, '1.00000'),
(145, 9, 186, 3, '5.00000'),
(146, 9, 186, 4, '3.00000'),
(147, 9, 186, 5, '5.00000'),
(148, 9, 186, 6, '2.00000'),
(149, 9, 187, 3, '5.00000'),
(150, 9, 187, 4, '4.00000'),
(151, 9, 187, 5, '5.00000'),
(152, 9, 187, 6, '2.00000'),
(153, 9, 188, 3, '3.00000'),
(154, 9, 188, 4, '2.00000'),
(155, 9, 188, 5, '5.00000'),
(156, 9, 188, 6, '1.00000'),
(157, 9, 189, 3, '5.00000'),
(158, 9, 189, 4, '4.00000'),
(159, 9, 189, 5, '5.00000'),
(160, 9, 189, 6, '2.00000'),
(161, 9, 190, 3, '3.00000'),
(162, 9, 190, 4, '2.00000'),
(163, 9, 190, 5, '5.00000'),
(164, 9, 190, 6, '1.00000'),
(165, 9, 191, 3, '5.00000'),
(166, 9, 191, 4, '3.00000'),
(167, 9, 191, 5, '5.00000'),
(168, 9, 191, 6, '1.00000'),
(169, 9, 192, 3, '5.00000'),
(170, 9, 192, 4, '3.00000'),
(171, 9, 192, 5, '5.00000'),
(172, 9, 192, 6, '2.00000'),
(173, 9, 193, 3, '5.00000'),
(174, 9, 193, 4, '3.00000'),
(175, 9, 193, 5, '5.00000'),
(176, 9, 193, 6, '2.00000'),
(177, 9, 194, 3, '5.00000'),
(178, 9, 194, 4, '3.00000'),
(179, 9, 194, 5, '5.00000'),
(180, 9, 194, 6, '1.00000'),
(181, 9, 195, 3, '3.00000'),
(182, 9, 195, 4, '2.00000'),
(183, 9, 195, 5, '5.00000'),
(184, 9, 195, 6, '1.00000'),
(185, 9, 196, 3, '5.00000'),
(186, 9, 196, 4, '2.00000'),
(187, 9, 196, 5, '1.00000'),
(188, 9, 196, 6, '1.00000'),
(189, 9, 197, 3, '5.00000'),
(190, 9, 197, 4, '4.00000'),
(191, 9, 197, 5, '5.00000'),
(192, 9, 197, 6, '1.00000'),
(193, 9, 198, 3, '3.00000'),
(194, 9, 198, 4, '2.00000'),
(195, 9, 198, 5, '5.00000'),
(196, 9, 198, 6, '1.00000'),
(197, 9, 199, 3, '5.00000'),
(198, 9, 199, 4, '2.00000'),
(199, 9, 199, 5, '5.00000'),
(200, 9, 199, 6, '1.00000'),
(201, 9, 200, 3, '5.00000'),
(202, 9, 200, 4, '4.00000'),
(203, 9, 200, 5, '5.00000'),
(204, 9, 200, 6, '1.00000'),
(205, 9, 201, 3, '5.00000'),
(206, 9, 201, 4, '4.00000'),
(207, 9, 201, 5, '5.00000'),
(208, 9, 201, 6, '1.00000'),
(209, 9, 202, 3, '5.00000'),
(210, 9, 202, 4, '4.00000'),
(211, 9, 202, 5, '5.00000'),
(212, 9, 202, 6, '1.00000'),
(213, 9, 203, 3, '3.00000'),
(214, 9, 203, 4, '2.00000'),
(215, 9, 203, 5, '5.00000'),
(216, 9, 203, 6, '1.00000'),
(217, 9, 204, 3, '3.00000'),
(218, 9, 204, 4, '2.00000'),
(219, 9, 204, 5, '5.00000'),
(220, 9, 204, 6, '1.00000'),
(221, 9, 205, 3, '5.00000'),
(222, 9, 205, 4, '4.00000'),
(223, 9, 205, 5, '5.00000'),
(224, 9, 205, 6, '1.00000'),
(225, 9, 206, 3, '3.00000'),
(226, 9, 206, 4, '2.00000'),
(227, 9, 206, 5, '5.00000'),
(228, 9, 206, 6, '1.00000'),
(229, 9, 207, 3, '5.00000'),
(230, 9, 207, 4, '4.00000'),
(231, 9, 207, 5, '5.00000'),
(232, 9, 207, 6, '5.00000'),
(233, 9, 208, 3, '5.00000'),
(234, 9, 208, 4, '3.00000'),
(235, 9, 208, 5, '5.00000'),
(236, 9, 208, 6, '1.00000'),
(237, 9, 209, 3, '5.00000'),
(238, 9, 209, 4, '2.00000'),
(239, 9, 209, 5, '3.00000'),
(240, 9, 209, 6, '1.00000'),
(241, 9, 210, 3, '3.00000'),
(242, 9, 210, 4, '2.00000'),
(243, 9, 210, 5, '5.00000'),
(244, 9, 210, 6, '1.00000'),
(245, 9, 211, 3, '5.00000'),
(246, 9, 211, 4, '3.00000'),
(247, 9, 211, 5, '5.00000'),
(248, 9, 211, 6, '4.00000'),
(249, 9, 212, 3, '5.00000'),
(250, 9, 212, 4, '3.00000'),
(251, 9, 212, 5, '5.00000'),
(252, 9, 212, 6, '1.00000'),
(253, 9, 213, 3, '5.00000'),
(254, 9, 213, 4, '3.00000'),
(255, 9, 213, 5, '5.00000'),
(256, 9, 213, 6, '1.00000'),
(257, 9, 214, 3, '5.00000'),
(258, 9, 214, 4, '4.00000'),
(259, 9, 214, 5, '5.00000'),
(260, 9, 214, 6, '1.00000'),
(261, 9, 215, 3, '5.00000'),
(262, 9, 215, 4, '3.00000'),
(263, 9, 215, 5, '5.00000'),
(264, 9, 215, 6, '1.00000'),
(265, 9, 216, 3, '5.00000'),
(266, 9, 216, 4, '3.00000'),
(267, 9, 216, 5, '5.00000'),
(268, 9, 216, 6, '1.00000'),
(269, 9, 217, 3, '5.00000'),
(270, 9, 217, 4, '4.00000'),
(271, 9, 217, 5, '5.00000'),
(272, 9, 217, 6, '1.00000'),
(273, 10, 218, 3, '5.00000'),
(274, 10, 218, 4, '4.00000'),
(275, 10, 218, 5, '4.00000'),
(276, 10, 218, 6, '2.00000'),
(277, 10, 219, 3, '5.00000'),
(278, 10, 219, 4, '3.00000'),
(279, 10, 219, 5, '1.00000'),
(280, 10, 219, 6, '5.00000'),
(281, 10, 220, 3, '5.00000'),
(282, 10, 220, 4, '3.00000'),
(283, 10, 220, 5, '2.00000'),
(284, 10, 220, 6, '5.00000'),
(285, 10, 221, 3, '5.00000'),
(286, 10, 221, 4, '3.00000'),
(287, 10, 221, 5, '5.00000'),
(288, 10, 221, 6, '2.00000'),
(289, 10, 222, 3, '5.00000'),
(290, 10, 222, 4, '4.00000'),
(291, 10, 222, 5, '5.00000'),
(292, 10, 222, 6, '2.00000'),
(293, 10, 223, 3, '5.00000'),
(294, 10, 223, 4, '3.00000'),
(295, 10, 223, 5, '5.00000'),
(296, 10, 223, 6, '2.00000'),
(297, 10, 224, 3, '5.00000'),
(298, 10, 224, 4, '2.00000'),
(299, 10, 224, 5, '3.00000'),
(300, 10, 224, 6, '1.00000'),
(301, 10, 225, 3, '5.00000'),
(302, 10, 225, 4, '2.00000'),
(303, 10, 225, 5, '1.00000'),
(304, 10, 225, 6, '1.00000'),
(305, 10, 226, 3, '5.00000'),
(306, 10, 226, 4, '2.00000'),
(307, 10, 226, 5, '5.00000'),
(308, 10, 226, 6, '1.00000'),
(309, 10, 227, 3, '3.00000'),
(310, 10, 227, 4, '2.00000'),
(311, 10, 227, 5, '1.00000'),
(312, 10, 227, 6, '1.00000'),
(313, 10, 228, 3, '3.00000'),
(314, 10, 228, 4, '2.00000'),
(315, 10, 228, 5, '1.00000'),
(316, 10, 228, 6, '1.00000'),
(317, 10, 229, 3, '5.00000'),
(318, 10, 229, 4, '3.00000'),
(319, 10, 229, 5, '5.00000'),
(320, 10, 229, 6, '1.00000'),
(321, 10, 230, 3, '5.00000'),
(322, 10, 230, 4, '2.00000'),
(323, 10, 230, 5, '5.00000'),
(324, 10, 230, 6, '1.00000'),
(325, 10, 231, 3, '3.00000'),
(326, 10, 231, 4, '2.00000'),
(327, 10, 231, 5, '5.00000'),
(328, 10, 231, 6, '1.00000'),
(329, 10, 232, 3, '5.00000'),
(330, 10, 232, 4, '2.00000'),
(331, 10, 232, 5, '5.00000'),
(332, 10, 232, 6, '1.00000'),
(333, 10, 233, 3, '5.00000'),
(334, 10, 233, 4, '2.00000'),
(335, 10, 233, 5, '5.00000'),
(336, 10, 233, 6, '1.00000'),
(337, 10, 234, 3, '5.00000'),
(338, 10, 234, 4, '4.00000'),
(339, 10, 234, 5, '5.00000'),
(340, 10, 234, 6, '1.00000'),
(341, 10, 235, 3, '5.00000'),
(342, 10, 235, 4, '4.00000'),
(343, 10, 235, 5, '5.00000'),
(344, 10, 235, 6, '1.00000'),
(345, 10, 236, 3, '5.00000'),
(346, 10, 236, 4, '2.00000'),
(347, 10, 236, 5, '5.00000'),
(348, 10, 236, 6, '1.00000'),
(349, 10, 237, 3, '5.00000'),
(350, 10, 237, 4, '3.00000'),
(351, 10, 237, 5, '5.00000'),
(352, 10, 237, 6, '3.00000'),
(353, 10, 238, 3, '3.00000'),
(354, 10, 238, 4, '2.00000'),
(355, 10, 238, 5, '5.00000'),
(356, 10, 238, 6, '1.00000'),
(357, 10, 239, 3, '5.00000'),
(358, 10, 239, 4, '2.00000'),
(359, 10, 239, 5, '5.00000'),
(360, 10, 239, 6, '1.00000'),
(361, 10, 240, 3, '5.00000'),
(362, 10, 240, 4, '3.00000'),
(363, 10, 240, 5, '5.00000'),
(364, 10, 240, 6, '1.00000'),
(365, 10, 241, 3, '3.00000'),
(366, 10, 241, 4, '2.00000'),
(367, 10, 241, 5, '5.00000'),
(368, 10, 241, 6, '1.00000'),
(369, 10, 242, 3, '5.00000'),
(370, 10, 242, 4, '3.00000'),
(371, 10, 242, 5, '5.00000'),
(372, 10, 242, 6, '1.00000'),
(373, 10, 243, 3, '5.00000'),
(374, 10, 243, 4, '3.00000'),
(375, 10, 243, 5, '5.00000'),
(376, 10, 243, 6, '2.00000'),
(377, 10, 244, 3, '5.00000'),
(378, 10, 244, 4, '4.00000'),
(379, 10, 244, 5, '5.00000'),
(380, 10, 244, 6, '2.00000'),
(381, 10, 245, 3, '3.00000'),
(382, 10, 245, 4, '2.00000'),
(383, 10, 245, 5, '5.00000'),
(384, 10, 245, 6, '1.00000'),
(385, 10, 246, 3, '5.00000'),
(386, 10, 246, 4, '4.00000'),
(387, 10, 246, 5, '2.00000'),
(388, 10, 246, 6, '2.00000'),
(389, 10, 247, 3, '3.00000'),
(390, 10, 247, 4, '2.00000'),
(391, 10, 247, 5, '5.00000'),
(392, 10, 247, 6, '1.00000'),
(393, 10, 248, 3, '5.00000'),
(394, 10, 248, 4, '3.00000'),
(395, 10, 248, 5, '5.00000'),
(396, 10, 248, 6, '1.00000'),
(397, 10, 249, 3, '5.00000'),
(398, 10, 249, 4, '3.00000'),
(399, 10, 249, 5, '5.00000'),
(400, 10, 249, 6, '2.00000'),
(401, 10, 250, 3, '5.00000'),
(402, 10, 250, 4, '3.00000'),
(403, 10, 250, 5, '5.00000'),
(404, 10, 250, 6, '2.00000'),
(405, 10, 251, 3, '5.00000'),
(406, 10, 251, 4, '3.00000'),
(407, 10, 251, 5, '5.00000'),
(408, 10, 251, 6, '1.00000'),
(409, 10, 252, 3, '3.00000'),
(410, 10, 252, 4, '2.00000'),
(411, 10, 252, 5, '5.00000'),
(412, 10, 252, 6, '1.00000'),
(413, 10, 253, 3, '5.00000'),
(414, 10, 253, 4, '2.00000'),
(415, 10, 253, 5, '1.00000'),
(416, 10, 253, 6, '1.00000'),
(417, 10, 254, 3, '5.00000'),
(418, 10, 254, 4, '4.00000'),
(419, 10, 254, 5, '5.00000'),
(420, 10, 254, 6, '1.00000'),
(421, 10, 255, 3, '3.00000'),
(422, 10, 255, 4, '2.00000'),
(423, 10, 255, 5, '5.00000'),
(424, 10, 255, 6, '1.00000'),
(425, 10, 256, 3, '5.00000'),
(426, 10, 256, 4, '2.00000'),
(427, 10, 256, 5, '5.00000'),
(428, 10, 256, 6, '1.00000'),
(429, 10, 257, 3, '5.00000'),
(430, 10, 257, 4, '4.00000'),
(431, 10, 257, 5, '5.00000'),
(432, 10, 257, 6, '1.00000'),
(433, 10, 258, 3, '5.00000'),
(434, 10, 258, 4, '4.00000'),
(435, 10, 258, 5, '5.00000'),
(436, 10, 258, 6, '1.00000'),
(437, 10, 259, 3, '5.00000'),
(438, 10, 259, 4, '4.00000'),
(439, 10, 259, 5, '5.00000'),
(440, 10, 259, 6, '1.00000'),
(441, 10, 260, 3, '3.00000'),
(442, 10, 260, 4, '2.00000'),
(443, 10, 260, 5, '5.00000'),
(444, 10, 260, 6, '1.00000'),
(445, 10, 261, 3, '3.00000'),
(446, 10, 261, 4, '2.00000'),
(447, 10, 261, 5, '5.00000'),
(448, 10, 261, 6, '1.00000'),
(449, 10, 262, 3, '5.00000'),
(450, 10, 262, 4, '4.00000'),
(451, 10, 262, 5, '5.00000'),
(452, 10, 262, 6, '1.00000'),
(453, 10, 263, 3, '3.00000'),
(454, 10, 263, 4, '2.00000'),
(455, 10, 263, 5, '1.00000'),
(456, 10, 263, 6, '1.00000'),
(457, 10, 264, 3, '5.00000'),
(458, 10, 264, 4, '3.00000'),
(459, 10, 264, 5, '5.00000'),
(460, 10, 264, 6, '1.00000'),
(461, 10, 265, 3, '5.00000'),
(462, 10, 265, 4, '2.00000'),
(463, 10, 265, 5, '3.00000'),
(464, 10, 265, 6, '1.00000'),
(465, 10, 266, 3, '3.00000'),
(466, 10, 266, 4, '2.00000'),
(467, 10, 266, 5, '5.00000'),
(468, 10, 266, 6, '1.00000'),
(469, 10, 267, 3, '5.00000'),
(470, 10, 267, 4, '3.00000'),
(471, 10, 267, 5, '5.00000'),
(472, 10, 267, 6, '4.00000'),
(473, 10, 268, 3, '5.00000'),
(474, 10, 268, 4, '3.00000'),
(475, 10, 268, 5, '5.00000'),
(476, 10, 268, 6, '1.00000'),
(477, 10, 269, 3, '5.00000'),
(478, 10, 269, 4, '3.00000'),
(479, 10, 269, 5, '5.00000'),
(480, 10, 269, 6, '1.00000'),
(481, 10, 270, 3, '5.00000'),
(482, 10, 270, 4, '4.00000'),
(483, 10, 270, 5, '5.00000'),
(484, 10, 270, 6, '1.00000'),
(485, 10, 271, 3, '5.00000'),
(486, 10, 271, 4, '2.00000'),
(487, 10, 271, 5, '5.00000'),
(488, 10, 271, 6, '1.00000'),
(489, 10, 272, 3, '5.00000'),
(490, 10, 272, 4, '3.00000'),
(491, 10, 272, 5, '5.00000'),
(492, 10, 272, 6, '1.00000'),
(493, 10, 273, 3, '5.00000'),
(494, 10, 273, 4, '4.00000'),
(495, 10, 273, 5, '5.00000'),
(496, 10, 273, 6, '1.00000'),
(497, 11, 274, 3, '5.00000'),
(498, 11, 274, 4, '4.00000'),
(499, 11, 274, 5, '4.00000'),
(500, 11, 274, 6, '2.00000'),
(501, 11, 275, 3, '5.00000'),
(502, 11, 275, 4, '3.00000'),
(503, 11, 275, 5, '4.00000'),
(504, 11, 275, 6, '5.00000'),
(505, 11, 276, 3, '5.00000'),
(506, 11, 276, 4, '3.00000'),
(507, 11, 276, 5, '2.00000'),
(508, 11, 276, 6, '2.00000'),
(509, 11, 277, 3, '5.00000'),
(510, 11, 277, 4, '4.00000'),
(511, 11, 277, 5, '4.00000'),
(512, 11, 277, 6, '2.00000'),
(513, 11, 278, 3, '5.00000'),
(514, 11, 278, 4, '3.00000'),
(515, 11, 278, 5, '4.00000'),
(516, 11, 278, 6, '2.00000'),
(517, 11, 279, 3, '5.00000'),
(518, 11, 279, 4, '2.00000'),
(519, 11, 279, 5, '3.00000'),
(520, 11, 279, 6, '1.00000'),
(521, 11, 280, 3, '5.00000'),
(522, 11, 280, 4, '2.00000'),
(523, 11, 280, 5, '1.00000'),
(524, 11, 280, 6, '1.00000'),
(525, 11, 281, 3, '5.00000'),
(526, 11, 281, 4, '3.00000'),
(527, 11, 281, 5, '2.00000'),
(528, 11, 281, 6, '1.00000'),
(529, 11, 282, 3, '3.00000'),
(530, 11, 282, 4, '2.00000'),
(531, 11, 282, 5, '5.00000'),
(532, 11, 282, 6, '1.00000'),
(533, 11, 283, 3, '3.00000'),
(534, 11, 283, 4, '2.00000'),
(535, 11, 283, 5, '5.00000'),
(536, 11, 283, 6, '1.00000'),
(537, 11, 284, 3, '5.00000'),
(538, 11, 284, 4, '3.00000'),
(539, 11, 284, 5, '5.00000'),
(540, 11, 284, 6, '1.00000'),
(541, 11, 285, 3, '5.00000'),
(542, 11, 285, 4, '2.00000'),
(543, 11, 285, 5, '5.00000'),
(544, 11, 285, 6, '1.00000'),
(545, 11, 286, 3, '3.00000'),
(546, 11, 286, 4, '2.00000'),
(547, 11, 286, 5, '5.00000'),
(548, 11, 286, 6, '1.00000'),
(549, 11, 287, 3, '5.00000'),
(550, 11, 287, 4, '2.00000'),
(551, 11, 287, 5, '5.00000'),
(552, 11, 287, 6, '1.00000'),
(553, 11, 288, 3, '5.00000'),
(554, 11, 288, 4, '2.00000'),
(555, 11, 288, 5, '5.00000'),
(556, 11, 288, 6, '1.00000'),
(557, 11, 289, 3, '5.00000'),
(558, 11, 289, 4, '3.00000'),
(559, 11, 289, 5, '5.00000'),
(560, 11, 289, 6, '1.00000'),
(561, 11, 290, 3, '5.00000'),
(562, 11, 290, 4, '4.00000'),
(563, 11, 290, 5, '5.00000'),
(564, 11, 290, 6, '1.00000'),
(565, 11, 291, 3, '5.00000'),
(566, 11, 291, 4, '2.00000'),
(567, 11, 291, 5, '5.00000'),
(568, 11, 291, 6, '1.00000'),
(569, 11, 292, 3, '5.00000'),
(570, 11, 292, 4, '3.00000'),
(571, 11, 292, 5, '5.00000'),
(572, 11, 292, 6, '3.00000'),
(573, 11, 293, 3, '3.00000'),
(574, 11, 293, 4, '2.00000'),
(575, 11, 293, 5, '5.00000'),
(576, 11, 293, 6, '1.00000'),
(577, 11, 294, 3, '5.00000'),
(578, 11, 294, 4, '2.00000'),
(579, 11, 294, 5, '5.00000'),
(580, 11, 294, 6, '1.00000'),
(581, 11, 295, 3, '5.00000'),
(582, 11, 295, 4, '3.00000'),
(583, 11, 295, 5, '5.00000'),
(584, 11, 295, 6, '1.00000'),
(585, 11, 296, 3, '3.00000'),
(586, 11, 296, 4, '2.00000'),
(587, 11, 296, 5, '5.00000'),
(588, 11, 296, 6, '1.00000'),
(589, 11, 297, 3, '5.00000'),
(590, 11, 297, 4, '3.00000'),
(591, 11, 297, 5, '5.00000'),
(592, 11, 297, 6, '1.00000'),
(593, 11, 298, 3, '5.00000'),
(594, 11, 298, 4, '3.00000'),
(595, 11, 298, 5, '5.00000'),
(596, 11, 298, 6, '2.00000'),
(597, 11, 299, 3, '5.00000'),
(598, 11, 299, 4, '4.00000'),
(599, 11, 299, 5, '5.00000'),
(600, 11, 299, 6, '2.00000'),
(601, 11, 300, 3, '5.00000'),
(602, 11, 300, 4, '2.00000'),
(603, 11, 300, 5, '1.00000'),
(604, 11, 300, 6, '1.00000'),
(605, 11, 301, 3, '5.00000'),
(606, 11, 301, 4, '4.00000'),
(607, 11, 301, 5, '1.00000'),
(608, 11, 301, 6, '2.00000'),
(609, 11, 302, 3, '5.00000'),
(610, 11, 302, 4, '4.00000'),
(611, 11, 302, 5, '5.00000'),
(612, 11, 302, 6, '2.00000'),
(613, 11, 303, 3, '5.00000'),
(614, 11, 303, 4, '3.00000'),
(615, 11, 303, 5, '1.00000'),
(616, 11, 303, 6, '1.00000'),
(617, 11, 304, 3, '5.00000'),
(618, 11, 304, 4, '3.00000'),
(619, 11, 304, 5, '5.00000'),
(620, 11, 304, 6, '2.00000'),
(621, 11, 305, 3, '5.00000'),
(622, 11, 305, 4, '3.00000'),
(623, 11, 305, 5, '5.00000'),
(624, 11, 305, 6, '2.00000'),
(625, 11, 306, 3, '5.00000'),
(626, 11, 306, 4, '3.00000'),
(627, 11, 306, 5, '1.00000'),
(628, 11, 306, 6, '1.00000'),
(629, 11, 307, 3, '3.00000'),
(630, 11, 307, 4, '2.00000'),
(631, 11, 307, 5, '5.00000'),
(632, 11, 307, 6, '1.00000'),
(633, 11, 308, 3, '5.00000'),
(634, 11, 308, 4, '2.00000'),
(635, 11, 308, 5, '1.00000'),
(636, 11, 308, 6, '1.00000'),
(637, 11, 309, 3, '5.00000'),
(638, 11, 309, 4, '4.00000'),
(639, 11, 309, 5, '1.00000'),
(640, 11, 309, 6, '1.00000'),
(641, 11, 310, 3, '3.00000'),
(642, 11, 310, 4, '2.00000'),
(643, 11, 310, 5, '5.00000'),
(644, 11, 310, 6, '1.00000'),
(645, 11, 311, 3, '3.00000'),
(646, 11, 311, 4, '2.00000'),
(647, 11, 311, 5, '5.00000'),
(648, 11, 311, 6, '1.00000'),
(649, 11, 312, 3, '5.00000'),
(650, 11, 312, 4, '4.00000'),
(651, 11, 312, 5, '4.00000'),
(652, 11, 312, 6, '1.00000'),
(653, 11, 313, 3, '5.00000'),
(654, 11, 313, 4, '4.00000'),
(655, 11, 313, 5, '2.00000'),
(656, 11, 313, 6, '1.00000'),
(657, 11, 314, 3, '5.00000'),
(658, 11, 314, 4, '4.00000'),
(659, 11, 314, 5, '2.00000'),
(660, 11, 314, 6, '1.00000'),
(661, 11, 315, 3, '3.00000'),
(662, 11, 315, 4, '2.00000'),
(663, 11, 315, 5, '5.00000'),
(664, 11, 315, 6, '1.00000'),
(665, 11, 316, 3, '3.00000'),
(666, 11, 316, 4, '2.00000'),
(667, 11, 316, 5, '5.00000'),
(668, 11, 316, 6, '1.00000'),
(669, 11, 317, 3, '5.00000'),
(670, 11, 317, 4, '4.00000'),
(671, 11, 317, 5, '5.00000'),
(672, 11, 317, 6, '1.00000'),
(673, 11, 318, 3, '3.00000'),
(674, 11, 318, 4, '2.00000'),
(675, 11, 318, 5, '4.00000'),
(676, 11, 318, 6, '1.00000'),
(677, 11, 319, 3, '5.00000'),
(678, 11, 319, 4, '3.00000'),
(679, 11, 319, 5, '5.00000'),
(680, 11, 319, 6, '1.00000'),
(681, 11, 320, 3, '5.00000'),
(682, 11, 320, 4, '2.00000'),
(683, 11, 320, 5, '4.00000'),
(684, 11, 320, 6, '1.00000'),
(685, 11, 321, 3, '3.00000'),
(686, 11, 321, 4, '2.00000'),
(687, 11, 321, 5, '5.00000'),
(688, 11, 321, 6, '1.00000'),
(689, 11, 322, 3, '5.00000'),
(690, 11, 322, 4, '3.00000'),
(691, 11, 322, 5, '5.00000'),
(692, 11, 322, 6, '4.00000'),
(693, 11, 323, 3, '5.00000'),
(694, 11, 323, 4, '3.00000'),
(695, 11, 323, 5, '5.00000'),
(696, 11, 323, 6, '1.00000'),
(697, 11, 324, 3, '5.00000'),
(698, 11, 324, 4, '3.00000'),
(699, 11, 324, 5, '1.00000'),
(700, 11, 324, 6, '1.00000'),
(701, 11, 325, 3, '5.00000'),
(702, 11, 325, 4, '4.00000'),
(703, 11, 325, 5, '4.00000'),
(704, 11, 325, 6, '1.00000'),
(705, 11, 326, 3, '5.00000'),
(706, 11, 326, 4, '3.00000'),
(707, 11, 326, 5, '5.00000'),
(708, 11, 326, 6, '1.00000'),
(709, 11, 327, 3, '5.00000'),
(710, 11, 327, 4, '3.00000'),
(711, 11, 327, 5, '5.00000'),
(712, 11, 327, 6, '1.00000'),
(713, 11, 328, 3, '5.00000'),
(714, 11, 328, 4, '4.00000'),
(715, 11, 328, 5, '5.00000'),
(716, 11, 328, 6, '1.00000'),
(717, 12, 329, 3, '5.00000'),
(718, 12, 329, 4, '4.00000'),
(719, 12, 329, 5, '5.00000'),
(720, 12, 329, 6, '2.00000'),
(721, 12, 330, 3, '5.00000'),
(722, 12, 330, 4, '3.00000'),
(723, 12, 330, 5, '2.00000'),
(724, 12, 330, 6, '2.00000'),
(725, 12, 331, 3, '5.00000'),
(726, 12, 331, 4, '4.00000'),
(727, 12, 331, 5, '5.00000'),
(728, 12, 331, 6, '2.00000'),
(729, 12, 332, 3, '5.00000'),
(730, 12, 332, 4, '3.00000'),
(731, 12, 332, 5, '4.00000'),
(732, 12, 332, 6, '2.00000'),
(733, 12, 333, 3, '5.00000'),
(734, 12, 333, 4, '2.00000'),
(735, 12, 333, 5, '4.00000'),
(736, 12, 333, 6, '1.00000'),
(737, 12, 334, 3, '5.00000'),
(738, 12, 334, 4, '2.00000'),
(739, 12, 334, 5, '1.00000'),
(740, 12, 334, 6, '1.00000'),
(741, 12, 335, 3, '5.00000'),
(742, 12, 335, 4, '3.00000'),
(743, 12, 335, 5, '2.00000'),
(744, 12, 335, 6, '1.00000'),
(745, 12, 336, 3, '3.00000'),
(746, 12, 336, 4, '2.00000'),
(747, 12, 336, 5, '3.00000'),
(748, 12, 336, 6, '1.00000'),
(749, 12, 337, 3, '3.00000'),
(750, 12, 337, 4, '2.00000'),
(751, 12, 337, 5, '1.00000'),
(752, 12, 337, 6, '1.00000'),
(753, 12, 338, 3, '5.00000'),
(754, 12, 338, 4, '3.00000'),
(755, 12, 338, 5, '5.00000'),
(756, 12, 338, 6, '1.00000'),
(757, 12, 339, 3, '5.00000'),
(758, 12, 339, 4, '2.00000'),
(759, 12, 339, 5, '5.00000'),
(760, 12, 339, 6, '1.00000'),
(761, 12, 340, 3, '3.00000'),
(762, 12, 340, 4, '2.00000'),
(763, 12, 340, 5, '5.00000'),
(764, 12, 340, 6, '1.00000'),
(765, 12, 341, 3, '5.00000'),
(766, 12, 341, 4, '2.00000'),
(767, 12, 341, 5, '5.00000'),
(768, 12, 341, 6, '1.00000'),
(769, 12, 342, 3, '5.00000'),
(770, 12, 342, 4, '2.00000'),
(771, 12, 342, 5, '5.00000'),
(772, 12, 342, 6, '1.00000'),
(773, 12, 343, 3, '5.00000'),
(774, 12, 343, 4, '3.00000'),
(775, 12, 343, 5, '5.00000'),
(776, 12, 343, 6, '1.00000'),
(777, 12, 344, 3, '5.00000'),
(778, 12, 344, 4, '4.00000'),
(779, 12, 344, 5, '5.00000'),
(780, 12, 344, 6, '1.00000'),
(781, 12, 345, 3, '5.00000'),
(782, 12, 345, 4, '2.00000'),
(783, 12, 345, 5, '4.00000'),
(784, 12, 345, 6, '1.00000'),
(785, 12, 346, 3, '5.00000'),
(786, 12, 346, 4, '3.00000'),
(787, 12, 346, 5, '4.00000'),
(788, 12, 346, 6, '3.00000'),
(789, 12, 347, 3, '3.00000'),
(790, 12, 347, 4, '2.00000'),
(791, 12, 347, 5, '5.00000'),
(792, 12, 347, 6, '1.00000'),
(793, 12, 348, 3, '5.00000'),
(794, 12, 348, 4, '2.00000'),
(795, 12, 348, 5, '2.00000'),
(796, 12, 348, 6, '1.00000'),
(797, 12, 349, 3, '5.00000'),
(798, 12, 349, 4, '3.00000'),
(799, 12, 349, 5, '5.00000'),
(800, 12, 349, 6, '1.00000'),
(801, 12, 350, 3, '3.00000'),
(802, 12, 350, 4, '2.00000'),
(803, 12, 350, 5, '5.00000'),
(804, 12, 350, 6, '1.00000'),
(805, 12, 351, 3, '5.00000'),
(806, 12, 351, 4, '3.00000'),
(807, 12, 351, 5, '5.00000'),
(808, 12, 351, 6, '1.00000'),
(809, 12, 352, 3, '5.00000'),
(810, 12, 352, 4, '3.00000'),
(811, 12, 352, 5, '5.00000'),
(812, 12, 352, 6, '2.00000'),
(813, 12, 353, 3, '5.00000'),
(814, 12, 353, 4, '4.00000'),
(815, 12, 353, 5, '5.00000'),
(816, 12, 353, 6, '2.00000'),
(817, 12, 354, 3, '3.00000'),
(818, 12, 354, 4, '2.00000'),
(819, 12, 354, 5, '5.00000'),
(820, 12, 354, 6, '1.00000'),
(821, 12, 355, 3, '5.00000'),
(822, 12, 355, 4, '4.00000'),
(823, 12, 355, 5, '3.00000'),
(824, 12, 355, 6, '2.00000'),
(825, 12, 356, 3, '3.00000'),
(826, 12, 356, 4, '2.00000'),
(827, 12, 356, 5, '5.00000'),
(828, 12, 356, 6, '1.00000'),
(829, 12, 357, 3, '5.00000'),
(830, 12, 357, 4, '3.00000'),
(831, 12, 357, 5, '1.00000'),
(832, 12, 357, 6, '1.00000'),
(833, 12, 358, 3, '5.00000'),
(834, 12, 358, 4, '3.00000'),
(835, 12, 358, 5, '5.00000'),
(836, 12, 358, 6, '2.00000'),
(837, 12, 359, 3, '5.00000'),
(838, 12, 359, 4, '3.00000'),
(839, 12, 359, 5, '5.00000'),
(840, 12, 359, 6, '2.00000'),
(841, 12, 360, 3, '5.00000'),
(842, 12, 360, 4, '3.00000'),
(843, 12, 360, 5, '1.00000'),
(844, 12, 360, 6, '1.00000'),
(845, 12, 361, 3, '3.00000'),
(846, 12, 361, 4, '2.00000'),
(847, 12, 361, 5, '3.00000'),
(848, 12, 361, 6, '1.00000'),
(849, 12, 362, 3, '5.00000'),
(850, 12, 362, 4, '2.00000'),
(851, 12, 362, 5, '2.00000'),
(852, 12, 362, 6, '1.00000'),
(853, 12, 363, 3, '5.00000'),
(854, 12, 363, 4, '4.00000'),
(855, 12, 363, 5, '1.00000'),
(856, 12, 363, 6, '1.00000'),
(857, 12, 364, 3, '3.00000'),
(858, 12, 364, 4, '2.00000'),
(859, 12, 364, 5, '5.00000'),
(860, 12, 364, 6, '1.00000'),
(861, 12, 365, 3, '5.00000'),
(862, 12, 365, 4, '2.00000'),
(863, 12, 365, 5, '5.00000'),
(864, 12, 365, 6, '1.00000'),
(865, 12, 366, 3, '5.00000'),
(866, 12, 366, 4, '4.00000'),
(867, 12, 366, 5, '5.00000'),
(868, 12, 366, 6, '1.00000'),
(869, 12, 367, 3, '5.00000'),
(870, 12, 367, 4, '4.00000'),
(871, 12, 367, 5, '5.00000'),
(872, 12, 367, 6, '1.00000'),
(873, 12, 368, 3, '5.00000'),
(874, 12, 368, 4, '4.00000'),
(875, 12, 368, 5, '4.00000'),
(876, 12, 368, 6, '1.00000'),
(877, 12, 369, 3, '3.00000'),
(878, 12, 369, 4, '2.00000'),
(879, 12, 369, 5, '5.00000'),
(880, 12, 369, 6, '1.00000'),
(881, 12, 370, 3, '3.00000'),
(882, 12, 370, 4, '2.00000'),
(883, 12, 370, 5, '5.00000'),
(884, 12, 370, 6, '1.00000'),
(885, 12, 371, 3, '5.00000'),
(886, 12, 371, 4, '4.00000'),
(887, 12, 371, 5, '2.00000'),
(888, 12, 371, 6, '1.00000'),
(889, 12, 372, 3, '3.00000'),
(890, 12, 372, 4, '2.00000'),
(891, 12, 372, 5, '4.00000'),
(892, 12, 372, 6, '1.00000'),
(893, 12, 373, 3, '5.00000'),
(894, 12, 373, 4, '3.00000'),
(895, 12, 373, 5, '5.00000'),
(896, 12, 373, 6, '1.00000'),
(897, 12, 374, 3, '5.00000'),
(898, 12, 374, 4, '2.00000'),
(899, 12, 374, 5, '4.00000'),
(900, 12, 374, 6, '1.00000'),
(901, 12, 375, 3, '3.00000'),
(902, 12, 375, 4, '2.00000'),
(903, 12, 375, 5, '5.00000'),
(904, 12, 375, 6, '1.00000'),
(905, 12, 376, 3, '5.00000'),
(906, 12, 376, 4, '3.00000'),
(907, 12, 376, 5, '5.00000'),
(908, 12, 376, 6, '4.00000'),
(909, 12, 377, 3, '5.00000'),
(910, 12, 377, 4, '3.00000'),
(911, 12, 377, 5, '5.00000'),
(912, 12, 377, 6, '1.00000'),
(913, 12, 378, 3, '5.00000'),
(914, 12, 378, 4, '3.00000'),
(915, 12, 378, 5, '1.00000'),
(916, 12, 378, 6, '1.00000'),
(917, 12, 379, 3, '5.00000'),
(918, 12, 379, 4, '4.00000'),
(919, 12, 379, 5, '5.00000'),
(920, 12, 379, 6, '1.00000'),
(921, 12, 380, 3, '5.00000'),
(922, 12, 380, 4, '3.00000'),
(923, 12, 380, 5, '5.00000'),
(924, 12, 380, 6, '1.00000'),
(925, 12, 381, 3, '5.00000'),
(926, 12, 381, 4, '3.00000'),
(927, 12, 381, 5, '5.00000'),
(928, 12, 381, 6, '1.00000'),
(929, 12, 382, 3, '5.00000'),
(930, 12, 382, 4, '4.00000'),
(931, 12, 382, 5, '5.00000'),
(932, 12, 382, 6, '1.00000'),
(933, 13, 383, 3, '5.00000'),
(934, 13, 383, 4, '4.00000'),
(935, 13, 383, 5, '4.00000'),
(936, 13, 383, 6, '2.00000'),
(937, 13, 384, 3, '5.00000'),
(938, 13, 384, 4, '3.00000'),
(939, 13, 384, 5, '1.00000'),
(940, 13, 384, 6, '2.00000'),
(941, 13, 385, 3, '5.00000'),
(942, 13, 385, 4, '4.00000'),
(943, 13, 385, 5, '4.00000'),
(944, 13, 385, 6, '2.00000'),
(945, 13, 386, 3, '5.00000'),
(946, 13, 386, 4, '3.00000'),
(947, 13, 386, 5, '4.00000'),
(948, 13, 386, 6, '2.00000'),
(949, 13, 387, 3, '5.00000'),
(950, 13, 387, 4, '2.00000'),
(951, 13, 387, 5, '4.00000'),
(952, 13, 387, 6, '1.00000'),
(953, 13, 388, 3, '5.00000'),
(954, 13, 388, 4, '2.00000'),
(955, 13, 388, 5, '1.00000'),
(956, 13, 388, 6, '1.00000'),
(957, 13, 389, 3, '5.00000'),
(958, 13, 389, 4, '3.00000'),
(959, 13, 389, 5, '3.00000'),
(960, 13, 389, 6, '1.00000'),
(961, 13, 390, 3, '3.00000'),
(962, 13, 390, 4, '2.00000'),
(963, 13, 390, 5, '3.00000'),
(964, 13, 390, 6, '1.00000'),
(965, 13, 391, 3, '3.00000'),
(966, 13, 391, 4, '2.00000'),
(967, 13, 391, 5, '1.00000'),
(968, 13, 391, 6, '1.00000'),
(969, 13, 392, 3, '5.00000'),
(970, 13, 392, 4, '3.00000'),
(971, 13, 392, 5, '5.00000'),
(972, 13, 392, 6, '1.00000'),
(973, 13, 393, 3, '5.00000'),
(974, 13, 393, 4, '2.00000'),
(975, 13, 393, 5, '5.00000'),
(976, 13, 393, 6, '1.00000'),
(977, 13, 394, 3, '3.00000'),
(978, 13, 394, 4, '2.00000'),
(979, 13, 394, 5, '5.00000'),
(980, 13, 394, 6, '1.00000'),
(981, 13, 395, 3, '5.00000'),
(982, 13, 395, 4, '2.00000'),
(983, 13, 395, 5, '5.00000'),
(984, 13, 395, 6, '1.00000'),
(985, 13, 396, 3, '5.00000'),
(986, 13, 396, 4, '2.00000'),
(987, 13, 396, 5, '5.00000'),
(988, 13, 396, 6, '1.00000'),
(989, 13, 397, 3, '5.00000'),
(990, 13, 397, 4, '4.00000'),
(991, 13, 397, 5, '5.00000'),
(992, 13, 397, 6, '1.00000'),
(993, 13, 398, 3, '5.00000'),
(994, 13, 398, 4, '4.00000'),
(995, 13, 398, 5, '5.00000'),
(996, 13, 398, 6, '1.00000'),
(997, 13, 399, 3, '5.00000'),
(998, 13, 399, 4, '2.00000'),
(999, 13, 399, 5, '5.00000'),
(1000, 13, 399, 6, '1.00000'),
(1001, 13, 400, 3, '5.00000'),
(1002, 13, 400, 4, '3.00000'),
(1003, 13, 400, 5, '3.00000'),
(1004, 13, 400, 6, '3.00000'),
(1005, 13, 401, 3, '3.00000'),
(1006, 13, 401, 4, '2.00000'),
(1007, 13, 401, 5, '5.00000'),
(1008, 13, 401, 6, '1.00000'),
(1009, 13, 402, 3, '5.00000'),
(1010, 13, 402, 4, '2.00000'),
(1011, 13, 402, 5, '4.00000'),
(1012, 13, 402, 6, '1.00000'),
(1013, 13, 403, 3, '5.00000'),
(1014, 13, 403, 4, '3.00000'),
(1015, 13, 403, 5, '5.00000'),
(1016, 13, 403, 6, '1.00000'),
(1017, 13, 404, 3, '3.00000'),
(1018, 13, 404, 4, '2.00000'),
(1019, 13, 404, 5, '5.00000'),
(1020, 13, 404, 6, '1.00000'),
(1021, 13, 405, 3, '5.00000'),
(1022, 13, 405, 4, '3.00000'),
(1023, 13, 405, 5, '5.00000'),
(1024, 13, 405, 6, '1.00000'),
(1025, 13, 406, 3, '5.00000'),
(1026, 13, 406, 4, '3.00000'),
(1027, 13, 406, 5, '4.00000'),
(1028, 13, 406, 6, '2.00000'),
(1029, 13, 407, 3, '5.00000'),
(1030, 13, 407, 4, '4.00000'),
(1031, 13, 407, 5, '5.00000'),
(1032, 13, 407, 6, '2.00000'),
(1033, 13, 408, 3, '3.00000'),
(1034, 13, 408, 4, '2.00000'),
(1035, 13, 408, 5, '4.00000'),
(1036, 13, 408, 6, '1.00000'),
(1037, 13, 409, 3, '5.00000'),
(1038, 13, 409, 4, '4.00000'),
(1039, 13, 409, 5, '1.00000'),
(1040, 13, 409, 6, '2.00000'),
(1041, 13, 410, 3, '3.00000'),
(1042, 13, 410, 4, '2.00000'),
(1043, 13, 410, 5, '5.00000'),
(1044, 13, 410, 6, '1.00000'),
(1045, 13, 411, 3, '5.00000'),
(1046, 13, 411, 4, '3.00000'),
(1047, 13, 411, 5, '1.00000'),
(1048, 13, 411, 6, '1.00000'),
(1049, 13, 412, 3, '5.00000'),
(1050, 13, 412, 4, '3.00000'),
(1051, 13, 412, 5, '4.00000'),
(1052, 13, 412, 6, '2.00000'),
(1053, 13, 413, 3, '5.00000'),
(1054, 13, 413, 4, '3.00000'),
(1055, 13, 413, 5, '4.00000'),
(1056, 13, 413, 6, '2.00000'),
(1057, 13, 414, 3, '5.00000'),
(1058, 13, 414, 4, '3.00000'),
(1059, 13, 414, 5, '1.00000'),
(1060, 13, 414, 6, '1.00000'),
(1061, 13, 415, 3, '3.00000'),
(1062, 13, 415, 4, '2.00000'),
(1063, 13, 415, 5, '4.00000'),
(1064, 13, 415, 6, '1.00000'),
(1065, 13, 416, 3, '5.00000'),
(1066, 13, 416, 4, '2.00000'),
(1067, 13, 416, 5, '1.00000'),
(1068, 13, 416, 6, '1.00000'),
(1069, 13, 417, 3, '3.00000'),
(1070, 13, 417, 4, '2.00000'),
(1071, 13, 417, 5, '5.00000'),
(1072, 13, 417, 6, '1.00000'),
(1073, 13, 418, 3, '5.00000'),
(1074, 13, 418, 4, '2.00000'),
(1075, 13, 418, 5, '5.00000'),
(1076, 13, 418, 6, '1.00000'),
(1077, 13, 419, 3, '5.00000'),
(1078, 13, 419, 4, '4.00000'),
(1079, 13, 419, 5, '4.00000'),
(1080, 13, 419, 6, '1.00000'),
(1081, 13, 420, 3, '5.00000'),
(1082, 13, 420, 4, '4.00000'),
(1083, 13, 420, 5, '4.00000'),
(1084, 13, 420, 6, '1.00000'),
(1085, 13, 421, 3, '5.00000'),
(1086, 13, 421, 4, '4.00000'),
(1087, 13, 421, 5, '3.00000'),
(1088, 13, 421, 6, '1.00000'),
(1089, 13, 422, 3, '3.00000'),
(1090, 13, 422, 4, '2.00000'),
(1091, 13, 422, 5, '4.00000'),
(1092, 13, 422, 6, '1.00000'),
(1093, 13, 423, 3, '3.00000'),
(1094, 13, 423, 4, '2.00000'),
(1095, 13, 423, 5, '4.00000'),
(1096, 13, 423, 6, '1.00000'),
(1097, 13, 424, 3, '5.00000'),
(1098, 13, 424, 4, '4.00000'),
(1099, 13, 424, 5, '4.00000'),
(1100, 13, 424, 6, '1.00000'),
(1101, 13, 425, 3, '3.00000'),
(1102, 13, 425, 4, '2.00000'),
(1103, 13, 425, 5, '2.00000'),
(1104, 13, 425, 6, '1.00000'),
(1105, 13, 426, 3, '5.00000'),
(1106, 13, 426, 4, '3.00000'),
(1107, 13, 426, 5, '5.00000'),
(1108, 13, 426, 6, '1.00000'),
(1109, 13, 427, 3, '5.00000'),
(1110, 13, 427, 4, '2.00000'),
(1111, 13, 427, 5, '4.00000'),
(1112, 13, 427, 6, '1.00000'),
(1113, 13, 428, 3, '3.00000'),
(1114, 13, 428, 4, '2.00000'),
(1115, 13, 428, 5, '5.00000'),
(1116, 13, 428, 6, '1.00000'),
(1117, 13, 429, 3, '5.00000'),
(1118, 13, 429, 4, '3.00000'),
(1119, 13, 429, 5, '5.00000'),
(1120, 13, 429, 6, '4.00000'),
(1121, 13, 430, 3, '5.00000'),
(1122, 13, 430, 4, '3.00000'),
(1123, 13, 430, 5, '5.00000'),
(1124, 13, 430, 6, '1.00000'),
(1125, 13, 431, 3, '5.00000'),
(1126, 13, 431, 4, '3.00000'),
(1127, 13, 431, 5, '1.00000'),
(1128, 13, 431, 6, '1.00000'),
(1129, 13, 432, 3, '5.00000'),
(1130, 13, 432, 4, '4.00000'),
(1131, 13, 432, 5, '4.00000'),
(1132, 13, 432, 6, '1.00000'),
(1133, 13, 433, 3, '5.00000'),
(1134, 13, 433, 4, '3.00000'),
(1135, 13, 433, 5, '5.00000'),
(1136, 13, 433, 6, '1.00000'),
(1137, 13, 434, 3, '5.00000'),
(1138, 13, 434, 4, '3.00000'),
(1139, 13, 434, 5, '5.00000'),
(1140, 13, 434, 6, '1.00000'),
(1141, 13, 435, 3, '5.00000'),
(1142, 13, 435, 4, '4.00000'),
(1143, 13, 435, 5, '5.00000'),
(1144, 13, 435, 6, '1.00000'),
(1145, 14, 436, 3, '5.00000'),
(1146, 14, 436, 4, '4.00000'),
(1147, 14, 436, 5, '4.00000'),
(1148, 14, 436, 6, '2.00000'),
(1149, 14, 437, 3, '5.00000'),
(1150, 14, 437, 4, '3.00000'),
(1151, 14, 437, 5, '1.00000'),
(1152, 14, 437, 6, '2.00000'),
(1153, 14, 438, 3, '5.00000'),
(1154, 14, 438, 4, '4.00000'),
(1155, 14, 438, 5, '5.00000'),
(1156, 14, 438, 6, '2.00000'),
(1157, 14, 439, 3, '5.00000'),
(1158, 14, 439, 4, '3.00000'),
(1159, 14, 439, 5, '5.00000'),
(1160, 14, 439, 6, '2.00000'),
(1161, 14, 440, 3, '5.00000'),
(1162, 14, 440, 4, '2.00000'),
(1163, 14, 440, 5, '3.00000'),
(1164, 14, 440, 6, '1.00000'),
(1165, 14, 441, 3, '5.00000'),
(1166, 14, 441, 4, '2.00000'),
(1167, 14, 441, 5, '3.00000'),
(1168, 14, 441, 6, '1.00000'),
(1169, 14, 442, 3, '5.00000'),
(1170, 14, 442, 4, '3.00000'),
(1171, 14, 442, 5, '5.00000'),
(1172, 14, 442, 6, '1.00000'),
(1173, 14, 443, 3, '3.00000'),
(1174, 14, 443, 4, '2.00000'),
(1175, 14, 443, 5, '4.00000'),
(1176, 14, 443, 6, '1.00000'),
(1177, 14, 444, 3, '3.00000'),
(1178, 14, 444, 4, '2.00000'),
(1179, 14, 444, 5, '1.00000'),
(1180, 14, 444, 6, '1.00000'),
(1181, 14, 445, 3, '5.00000'),
(1182, 14, 445, 4, '3.00000'),
(1183, 14, 445, 5, '5.00000'),
(1184, 14, 445, 6, '1.00000'),
(1185, 14, 446, 3, '5.00000'),
(1186, 14, 446, 4, '2.00000'),
(1187, 14, 446, 5, '5.00000'),
(1188, 14, 446, 6, '1.00000'),
(1189, 14, 447, 3, '3.00000'),
(1190, 14, 447, 4, '2.00000'),
(1191, 14, 447, 5, '5.00000'),
(1192, 14, 447, 6, '1.00000'),
(1193, 14, 448, 3, '5.00000'),
(1194, 14, 448, 4, '2.00000'),
(1195, 14, 448, 5, '5.00000'),
(1196, 14, 448, 6, '1.00000'),
(1197, 14, 449, 3, '5.00000'),
(1198, 14, 449, 4, '2.00000'),
(1199, 14, 449, 5, '5.00000'),
(1200, 14, 449, 6, '1.00000'),
(1201, 14, 450, 3, '5.00000'),
(1202, 14, 450, 4, '4.00000'),
(1203, 14, 450, 5, '5.00000'),
(1204, 14, 450, 6, '1.00000'),
(1205, 14, 451, 3, '5.00000'),
(1206, 14, 451, 4, '4.00000'),
(1207, 14, 451, 5, '5.00000'),
(1208, 14, 451, 6, '1.00000'),
(1209, 14, 452, 3, '5.00000'),
(1210, 14, 452, 4, '2.00000'),
(1211, 14, 452, 5, '4.00000'),
(1212, 14, 452, 6, '1.00000'),
(1213, 14, 453, 3, '5.00000'),
(1214, 14, 453, 4, '3.00000'),
(1215, 14, 453, 5, '5.00000'),
(1216, 14, 453, 6, '3.00000'),
(1217, 14, 454, 3, '3.00000'),
(1218, 14, 454, 4, '2.00000'),
(1219, 14, 454, 5, '5.00000'),
(1220, 14, 454, 6, '1.00000'),
(1221, 14, 455, 3, '5.00000'),
(1222, 14, 455, 4, '2.00000'),
(1223, 14, 455, 5, '5.00000'),
(1224, 14, 455, 6, '1.00000'),
(1225, 14, 456, 3, '5.00000'),
(1226, 14, 456, 4, '3.00000'),
(1227, 14, 456, 5, '5.00000'),
(1228, 14, 456, 6, '1.00000'),
(1229, 14, 457, 3, '3.00000'),
(1230, 14, 457, 4, '2.00000'),
(1231, 14, 457, 5, '5.00000'),
(1232, 14, 457, 6, '1.00000'),
(1233, 14, 458, 3, '5.00000'),
(1234, 14, 458, 4, '3.00000'),
(1235, 14, 458, 5, '5.00000'),
(1236, 14, 458, 6, '1.00000'),
(1237, 14, 459, 3, '5.00000'),
(1238, 14, 459, 4, '3.00000'),
(1239, 14, 459, 5, '5.00000'),
(1240, 14, 459, 6, '2.00000'),
(1241, 14, 460, 3, '5.00000'),
(1242, 14, 460, 4, '4.00000'),
(1243, 14, 460, 5, '5.00000'),
(1244, 14, 460, 6, '2.00000'),
(1245, 14, 461, 3, '3.00000'),
(1246, 14, 461, 4, '2.00000'),
(1247, 14, 461, 5, '5.00000'),
(1248, 14, 461, 6, '1.00000'),
(1249, 14, 462, 3, '3.00000'),
(1250, 14, 462, 4, '2.00000'),
(1251, 14, 462, 5, '5.00000'),
(1252, 14, 462, 6, '1.00000'),
(1253, 14, 463, 3, '5.00000'),
(1254, 14, 463, 4, '3.00000'),
(1255, 14, 463, 5, '5.00000'),
(1256, 14, 463, 6, '1.00000'),
(1257, 14, 464, 3, '5.00000'),
(1258, 14, 464, 4, '3.00000'),
(1259, 14, 464, 5, '5.00000'),
(1260, 14, 464, 6, '2.00000'),
(1261, 14, 465, 3, '5.00000'),
(1262, 14, 465, 4, '3.00000'),
(1263, 14, 465, 5, '3.00000'),
(1264, 14, 465, 6, '2.00000'),
(1265, 14, 466, 3, '5.00000'),
(1266, 14, 466, 4, '3.00000'),
(1267, 14, 466, 5, '5.00000'),
(1268, 14, 466, 6, '1.00000'),
(1269, 14, 467, 3, '3.00000'),
(1270, 14, 467, 4, '2.00000'),
(1271, 14, 467, 5, '5.00000'),
(1272, 14, 467, 6, '1.00000'),
(1273, 14, 468, 3, '5.00000'),
(1274, 14, 468, 4, '2.00000'),
(1275, 14, 468, 5, '3.00000'),
(1276, 14, 468, 6, '1.00000'),
(1277, 14, 469, 3, '3.00000'),
(1278, 14, 469, 4, '2.00000'),
(1279, 14, 469, 5, '5.00000'),
(1280, 14, 469, 6, '1.00000'),
(1281, 14, 470, 3, '5.00000'),
(1282, 14, 470, 4, '2.00000'),
(1283, 14, 470, 5, '5.00000'),
(1284, 14, 470, 6, '1.00000'),
(1285, 14, 471, 3, '5.00000'),
(1286, 14, 471, 4, '4.00000'),
(1287, 14, 471, 5, '5.00000'),
(1288, 14, 471, 6, '1.00000'),
(1289, 14, 472, 3, '5.00000'),
(1290, 14, 472, 4, '4.00000'),
(1291, 14, 472, 5, '5.00000'),
(1292, 14, 472, 6, '1.00000'),
(1293, 14, 473, 3, '5.00000'),
(1294, 14, 473, 4, '4.00000'),
(1295, 14, 473, 5, '5.00000'),
(1296, 14, 473, 6, '1.00000'),
(1297, 14, 474, 3, '3.00000'),
(1298, 14, 474, 4, '2.00000'),
(1299, 14, 474, 5, '4.00000'),
(1300, 14, 474, 6, '1.00000'),
(1301, 14, 475, 3, '3.00000'),
(1302, 14, 475, 4, '2.00000'),
(1303, 14, 475, 5, '4.00000'),
(1304, 14, 475, 6, '1.00000'),
(1305, 14, 476, 3, '5.00000'),
(1306, 14, 476, 4, '4.00000'),
(1307, 14, 476, 5, '4.00000'),
(1308, 14, 476, 6, '1.00000'),
(1309, 14, 477, 3, '3.00000'),
(1310, 14, 477, 4, '2.00000'),
(1311, 14, 477, 5, '3.00000'),
(1312, 14, 477, 6, '1.00000'),
(1313, 14, 478, 3, '5.00000'),
(1314, 14, 478, 4, '3.00000'),
(1315, 14, 478, 5, '5.00000'),
(1316, 14, 478, 6, '1.00000'),
(1317, 14, 479, 3, '5.00000'),
(1318, 14, 479, 4, '2.00000'),
(1319, 14, 479, 5, '4.00000'),
(1320, 14, 479, 6, '1.00000'),
(1321, 14, 480, 3, '3.00000'),
(1322, 14, 480, 4, '2.00000'),
(1323, 14, 480, 5, '5.00000'),
(1324, 14, 480, 6, '1.00000'),
(1325, 14, 481, 3, '5.00000'),
(1326, 14, 481, 4, '3.00000'),
(1327, 14, 481, 5, '5.00000'),
(1328, 14, 481, 6, '4.00000'),
(1329, 14, 482, 3, '5.00000'),
(1330, 14, 482, 4, '3.00000'),
(1331, 14, 482, 5, '5.00000'),
(1332, 14, 482, 6, '1.00000'),
(1333, 14, 483, 3, '5.00000'),
(1334, 14, 483, 4, '3.00000'),
(1335, 14, 483, 5, '5.00000'),
(1336, 14, 483, 6, '1.00000'),
(1337, 14, 484, 3, '5.00000'),
(1338, 14, 484, 4, '4.00000'),
(1339, 14, 484, 5, '3.00000'),
(1340, 14, 484, 6, '1.00000'),
(1341, 14, 485, 3, '5.00000'),
(1342, 14, 485, 4, '3.00000'),
(1343, 14, 485, 5, '5.00000'),
(1344, 14, 485, 6, '1.00000'),
(1345, 14, 486, 3, '5.00000'),
(1346, 14, 486, 4, '3.00000'),
(1347, 14, 486, 5, '5.00000'),
(1348, 14, 486, 6, '1.00000'),
(1349, 14, 487, 3, '5.00000'),
(1350, 14, 487, 4, '4.00000'),
(1351, 14, 487, 5, '5.00000'),
(1352, 14, 487, 6, '1.00000');

-- --------------------------------------------------------

--
-- Struktur dari tabel `normalisasi_kriteria`
--

CREATE TABLE `normalisasi_kriteria` (
  `id_normalisasi` int(11) NOT NULL,
  `id_kriteria` int(11) NOT NULL,
  `keterangan` varchar(100) NOT NULL,
  `nilai` int(11) NOT NULL,
  `status_aktif` varchar(100) NOT NULL
) ENGINE=InnoDB DEFAULT CHARSET=utf8;

--
-- Dumping data untuk tabel `normalisasi_kriteria`
--

INSERT INTO `normalisasi_kriteria` (`id_normalisasi`, `id_kriteria`, `keterangan`, `nilai`, `status_aktif`) VALUES
(7, 3, 'Kontrak', 3, 'Aktif'),
(8, 3, 'Tetap', 5, 'Aktif'),
(9, 4, '1-5 Tahun', 2, 'Aktif'),
(10, 4, '6-10 Tahun', 3, 'Aktif'),
(11, 4, '>11 Tahun', 4, 'Aktif'),
(18, 6, '<3 Surat', 1, 'Non-Aktif'),
(19, 6, '4-10 Surat', 2, 'Non-Aktif'),
(20, 6, '11-20 Surat', 3, 'Non-Aktif'),
(21, 6, '21-30 Surat', 4, 'Non-Aktif'),
(22, 6, '>31 Surat', 5, 'Non-Aktif'),
(24, 5, '>7 Hari', 1, 'Aktif'),
(25, 5, '5-6 Hari', 2, 'Aktif'),
(26, 5, '3-4 Hari', 3, 'Aktif'),
(27, 5, '1-2 Hari', 4, 'Aktif'),
(28, 5, '0', 5, 'Aktif'),
(29, 6, '<=3 Surat', 1, 'Aktif'),
(30, 6, '4-10 Surat', 2, 'Aktif'),
(31, 6, '11-20 Surat', 3, 'Aktif'),
(32, 6, '21-30 Surat', 4, 'Aktif'),
(33, 6, '>=31 Surat', 5, 'Aktif'),
(34, 4, '15 Tahun', 5, 'Aktif');

-- --------------------------------------------------------

--
-- Struktur dari tabel `periode_seleksi`
--

CREATE TABLE `periode_seleksi` (
  `id_periode_seleksi` int(11) NOT NULL,
  `periode_bulan` varchar(100) NOT NULL,
  `sesi` varchar(100) NOT NULL,
  `status` varchar(100) NOT NULL,
  `status_aktif` varchar(100) NOT NULL
) ENGINE=InnoDB DEFAULT CHARSET=utf8;

--
-- Dumping data untuk tabel `periode_seleksi`
--

INSERT INTO `periode_seleksi` (`id_periode_seleksi`, `periode_bulan`, `sesi`, `status`, `status_aktif`) VALUES
(3, 'Juli 2020', '1', 'Proses', 'Non-Aktif'),
(4, 'Juli 2020', '1', 'Proses', 'Non-Aktif'),
(5, 'Juli 2020', '1', 'Proses', 'Non-Aktif'),
(6, 'Juli 2020', '1', 'Proses', 'Non-Aktif'),
(7, 'Juli 2020', '1', 'Proses', 'Non-Aktif'),
(8, 'Juli 2020', '1', 'Proses', 'Non-Aktif'),
(9, 'Juli 2019', '1', 'Selesai', 'Aktif'),
(10, 'Agustus 2019', '1', 'Selesai', 'Aktif'),
(11, 'September 2019', '1', 'Selesai', 'Aktif'),
(12, 'Oktober 2019', '1', 'Selesai', 'Aktif'),
(13, 'November 2019', '1', 'Selesai', 'Aktif'),
(14, 'Desember 2019', '1', 'Selesai', 'Aktif'),
(15, 'Agustus 2020', '1', 'Proses', 'Non-Aktif'),
(16, 'Agustus 2020', '1', 'Proses', 'Aktif');

-- --------------------------------------------------------

--
-- Struktur dari tabel `rangking_moora`
--

CREATE TABLE `rangking_moora` (
  `id_rangking_moora` int(11) NOT NULL,
  `id_periode_seleksi` int(11) NOT NULL,
  `id_alternatif_karyawan` int(11) NOT NULL,
  `nilai_optimasi` decimal(11,5) NOT NULL,
  `rangking` int(11) NOT NULL
) ENGINE=InnoDB DEFAULT CHARSET=utf8;

--
-- Dumping data untuk tabel `rangking_moora`
--

INSERT INTO `rangking_moora` (`id_rangking_moora`, `id_periode_seleksi`, `id_alternatif_karyawan`, `nilai_optimasi`, `rangking`) VALUES
(1, 2, 97, '16.45889', 1),
(2, 2, 95, '9.54531', 2),
(3, 2, 94, '9.54531', 3),
(4, 2, 93, '7.93367', 4),
(5, 2, 99, '7.32309', 5),
(6, 2, 100, '5.65445', 6),
(7, 2, 91, '4.81066', 7),
(8, 2, 96, '4.25708', 8),
(9, 2, 98, '2.53145', 9),
(10, 2, 92, '-2.81377', 10),
(11, 9, 207, '8.80549', 1),
(12, 9, 162, '8.55650', 2),
(13, 9, 163, '7.45845', 3),
(14, 9, 211, '5.96358', 4),
(15, 9, 161, '5.41893', 5),
(16, 9, 168, '4.52415', 6),
(17, 9, 196, '4.52415', 7),
(18, 9, 180, '4.46871', 8),
(19, 9, 165, '4.32088', 9),
(20, 9, 187, '4.32088', 10),
(21, 9, 189, '4.32088', 11),
(22, 9, 192, '2.97384', 12),
(23, 9, 193, '2.97384', 13),
(24, 9, 186, '2.97384', 14),
(25, 9, 164, '2.97384', 15),
(26, 9, 166, '2.97384', 16),
(27, 9, 197, '2.82601', 17),
(28, 9, 200, '2.82601', 18),
(29, 9, 201, '2.82601', 19),
(30, 9, 202, '2.82601', 20),
(31, 9, 205, '2.82601', 21),
(32, 9, 178, '2.82601', 22),
(33, 9, 177, '2.82601', 23),
(34, 9, 214, '2.82601', 24),
(35, 9, 217, '2.82601', 25),
(36, 9, 209, '2.32804', 26),
(37, 9, 167, '2.32804', 27),
(38, 9, 194, '1.47897', 28),
(39, 9, 169, '1.47897', 29),
(40, 9, 208, '1.47897', 30),
(41, 9, 183, '1.47897', 31),
(42, 9, 191, '1.47897', 32),
(43, 9, 212, '1.47897', 33),
(44, 9, 213, '1.47897', 34),
(45, 9, 185, '1.47897', 35),
(46, 9, 215, '1.47897', 36),
(47, 9, 216, '1.47897', 37),
(48, 9, 172, '1.47897', 38),
(49, 9, 176, '0.13193', 39),
(50, 9, 182, '0.13193', 40),
(51, 9, 173, '0.13193', 41),
(52, 9, 199, '0.13193', 42),
(53, 9, 175, '0.13193', 43),
(54, 9, 179, '0.13193', 44),
(55, 9, 170, '-0.44138', 45),
(56, 9, 206, '-0.44138', 46),
(57, 9, 195, '-0.44138', 47),
(58, 9, 188, '-0.44138', 48),
(59, 9, 171, '-0.44138', 49),
(60, 9, 210, '-0.44138', 50),
(61, 9, 198, '-0.44138', 51),
(62, 9, 190, '-0.44138', 52),
(63, 9, 184, '-0.44138', 53),
(64, 9, 174, '-0.44138', 54),
(65, 9, 181, '-0.44138', 55),
(66, 9, 203, '-0.44138', 56),
(67, 9, 204, '-0.44138', 57),
(68, 10, 219, '12.48992', 1),
(69, 10, 220, '11.32200', 2),
(70, 10, 246, '7.87086', 3),
(71, 10, 267, '6.20661', 4),
(72, 10, 218, '5.53503', 5),
(73, 10, 253, '4.65954', 6),
(74, 10, 225, '4.65954', 7),
(75, 10, 237, '4.59497', 8),
(76, 10, 244, '4.36712', 9),
(77, 10, 222, '4.36712', 10),
(78, 10, 228, '4.08025', 11),
(79, 10, 263, '4.08025', 12),
(80, 10, 227, '4.08025', 13),
(81, 10, 249, '2.98332', 14),
(82, 10, 250, '2.98332', 15),
(83, 10, 243, '2.98332', 16),
(84, 10, 221, '2.98332', 17),
(85, 10, 223, '2.98332', 18),
(86, 10, 254, '2.75547', 19),
(87, 10, 257, '2.75547', 20),
(88, 10, 258, '2.75547', 21),
(89, 10, 259, '2.75547', 22),
(90, 10, 262, '2.75547', 23),
(91, 10, 235, '2.75547', 24),
(92, 10, 234, '2.75547', 25),
(93, 10, 270, '2.75547', 26),
(94, 10, 273, '2.75547', 27),
(95, 10, 265, '2.32371', 28),
(96, 10, 224, '2.32371', 29),
(97, 10, 248, '1.37168', 30),
(98, 10, 264, '1.37168', 31),
(99, 10, 229, '1.37168', 32),
(100, 10, 240, '1.37168', 33),
(101, 10, 268, '1.37168', 34),
(102, 10, 269, '1.37168', 35),
(103, 10, 251, '1.37168', 36),
(104, 10, 272, '1.37168', 37),
(105, 10, 242, '1.37168', 38),
(106, 10, 256, '-0.01212', 39),
(107, 10, 239, '-0.01212', 40),
(108, 10, 233, '-0.01212', 41),
(109, 10, 226, '-0.01212', 42),
(110, 10, 230, '-0.01212', 43),
(111, 10, 271, '-0.01212', 44),
(112, 10, 236, '-0.01212', 45),
(113, 10, 232, '-0.01212', 46),
(114, 10, 255, '-0.59141', 47),
(115, 10, 241, '-0.59141', 48),
(116, 10, 266, '-0.59141', 49),
(117, 10, 245, '-0.59141', 50),
(118, 10, 231, '-0.59141', 51),
(119, 10, 252, '-0.59141', 52),
(120, 10, 260, '-0.59141', 53),
(121, 10, 261, '-0.59141', 54),
(122, 10, 247, '-0.59141', 55),
(123, 10, 238, '-0.59141', 56),
(124, 11, 275, '9.25069', 1),
(125, 11, 301, '9.17744', 2),
(126, 11, 309, '7.43667', 3),
(127, 11, 276, '6.54438', 4),
(128, 11, 322, '6.25190', 5),
(129, 11, 314, '6.17866', 6),
(130, 11, 313, '6.17866', 7),
(131, 11, 303, '6.06162', 8),
(132, 11, 306, '6.06162', 9),
(133, 11, 324, '6.06162', 10),
(134, 11, 274, '5.40341', 11),
(135, 11, 277, '5.40341', 12),
(136, 11, 281, '4.80361', 13),
(137, 11, 308, '4.68657', 14),
(138, 11, 300, '4.68657', 15),
(139, 11, 280, '4.68657', 16),
(140, 11, 292, '4.51113', 17),
(141, 11, 299, '4.14540', 18),
(142, 11, 302, '4.14540', 19),
(143, 11, 278, '4.02836', 20),
(144, 11, 312, '3.66263', 21),
(145, 11, 325, '3.66263', 22),
(146, 11, 298, '2.77035', 23),
(147, 11, 304, '2.77035', 24),
(148, 11, 305, '2.77035', 25),
(149, 11, 317, '2.40462', 26),
(150, 11, 290, '2.40462', 27),
(151, 11, 328, '2.40462', 28),
(152, 11, 279, '2.17055', 29),
(153, 11, 319, '1.02957', 30),
(154, 11, 297, '1.02957', 31),
(155, 11, 323, '1.02957', 32),
(156, 11, 284, '1.02957', 33),
(157, 11, 289, '1.02957', 34),
(158, 11, 326, '1.02957', 35),
(159, 11, 327, '1.02957', 36),
(160, 11, 295, '1.02957', 37),
(161, 11, 320, '0.91254', 38),
(162, 11, 318, '0.33105', 39),
(163, 11, 291, '-0.34547', 40),
(164, 11, 288, '-0.34547', 41),
(165, 11, 294, '-0.34547', 42),
(166, 11, 285, '-0.34547', 43),
(167, 11, 287, '-0.34547', 44),
(168, 11, 286, '-0.92696', 45),
(169, 11, 293, '-0.92696', 46),
(170, 11, 310, '-0.92696', 47),
(171, 11, 321, '-0.92696', 48),
(172, 11, 311, '-0.92696', 49),
(173, 11, 282, '-0.92696', 50),
(174, 11, 283, '-0.92696', 51),
(175, 11, 296, '-0.92696', 52),
(176, 11, 315, '-0.92696', 53),
(177, 11, 316, '-0.92696', 54),
(178, 11, 307, '-0.92696', 55),
(179, 12, 363, '7.79514', 1),
(180, 12, 355, '7.21373', 2),
(181, 12, 376, '7.18707', 3),
(182, 12, 330, '7.07860', 4),
(183, 12, 371, '6.52386', 5),
(184, 12, 346, '6.49719', 6),
(185, 12, 360, '6.38872', 7),
(186, 12, 357, '6.38872', 8),
(187, 12, 378, '6.38872', 9),
(188, 12, 335, '5.11743', 10),
(189, 12, 334, '4.98230', 11),
(190, 12, 329, '4.67117', 12),
(191, 12, 353, '4.67117', 13),
(192, 12, 331, '4.67117', 14),
(193, 12, 332, '4.53603', 15),
(194, 12, 337, '4.39047', 16),
(195, 12, 368, '3.98129', 17),
(196, 12, 362, '3.71101', 18),
(197, 12, 348, '3.71101', 19),
(198, 12, 358, '3.26475', 20),
(199, 12, 359, '3.26475', 21),
(200, 12, 352, '3.26475', 22),
(201, 12, 366, '2.71001', 23),
(202, 12, 367, '2.71001', 24),
(203, 12, 344, '2.71001', 25),
(204, 12, 379, '2.71001', 26),
(205, 12, 382, '2.71001', 27),
(206, 12, 336, '1.84790', 28),
(207, 12, 361, '1.84790', 29),
(208, 12, 373, '1.30358', 30),
(209, 12, 349, '1.30358', 31),
(210, 12, 377, '1.30358', 32),
(211, 12, 351, '1.30358', 33),
(212, 12, 343, '1.30358', 34),
(213, 12, 380, '1.30358', 35),
(214, 12, 381, '1.30358', 36),
(215, 12, 338, '1.30358', 37),
(216, 12, 333, '1.16845', 38),
(217, 12, 374, '1.16845', 39),
(218, 12, 345, '1.16845', 40),
(219, 12, 372, '0.57662', 41),
(220, 12, 341, '-0.10284', 42),
(221, 12, 365, '-0.10284', 43),
(222, 12, 342, '-0.10284', 44),
(223, 12, 339, '-0.10284', 45),
(224, 12, 340, '-0.69467', 46),
(225, 12, 375, '-0.69467', 47),
(226, 12, 356, '-0.69467', 48),
(227, 12, 347, '-0.69467', 49),
(228, 12, 369, '-0.69467', 50),
(229, 12, 370, '-0.69467', 51),
(230, 12, 350, '-0.69467', 52),
(231, 12, 364, '-0.69467', 53),
(232, 12, 354, '-0.69467', 54),
(233, 13, 409, '9.78247', 1),
(234, 13, 384, '8.36193', 2),
(235, 13, 400, '7.65848', 3),
(236, 13, 429, '6.95504', 4),
(237, 13, 414, '6.39127', 5),
(238, 13, 411, '6.39127', 6),
(239, 13, 431, '6.39127', 7),
(240, 13, 383, '5.77131', 8),
(241, 13, 385, '5.77131', 9),
(242, 13, 421, '5.13771', 10),
(243, 13, 416, '4.97073', 11),
(244, 13, 388, '4.97073', 12),
(245, 13, 407, '4.43426', 13),
(246, 13, 391, '4.37231', 14),
(247, 13, 386, '4.35077', 15),
(248, 13, 412, '4.35077', 16),
(249, 13, 413, '4.35077', 17),
(250, 13, 406, '4.35077', 18),
(251, 13, 424, '3.80065', 19),
(252, 13, 420, '3.80065', 20),
(253, 13, 419, '3.80065', 21),
(254, 13, 432, '3.80065', 22),
(255, 13, 389, '3.71717', 23),
(256, 13, 425, '3.03526', 24),
(257, 13, 398, '2.46360', 25),
(258, 13, 397, '2.46360', 26),
(259, 13, 435, '2.46360', 27),
(260, 13, 390, '1.69821', 28),
(261, 13, 403, '1.04306', 29),
(262, 13, 430, '1.04306', 30),
(263, 13, 405, '1.04306', 31),
(264, 13, 392, '1.04306', 32),
(265, 13, 433, '1.04306', 33),
(266, 13, 434, '1.04306', 34),
(267, 13, 426, '1.04306', 35),
(268, 13, 402, '0.95957', 36),
(269, 13, 427, '0.95957', 37),
(270, 13, 387, '0.95957', 38),
(271, 13, 423, '0.36116', 39),
(272, 13, 408, '0.36116', 40),
(273, 13, 415, '0.36116', 41),
(274, 13, 422, '0.36116', 42),
(275, 13, 399, '-0.37748', 43),
(276, 13, 396, '-0.37748', 44),
(277, 13, 393, '-0.37748', 45),
(278, 13, 418, '-0.37748', 46),
(279, 13, 395, '-0.37748', 47),
(280, 13, 410, '-0.97590', 48),
(281, 13, 404, '-0.97590', 49),
(282, 13, 394, '-0.97590', 50),
(283, 13, 417, '-0.97590', 51),
(284, 13, 428, '-0.97590', 52),
(285, 13, 401, '-0.97590', 53),
(286, 14, 437, '8.66350', 1),
(287, 14, 481, '7.84405', 2),
(288, 14, 436, '6.48053', 3),
(289, 14, 465, '6.24370', 4),
(290, 14, 453, '5.83398', 5),
(291, 14, 484, '5.68035', 6),
(292, 14, 460, '5.27063', 7),
(293, 14, 438, '5.27063', 8),
(294, 14, 444, '4.60147', 9),
(295, 14, 476, '4.47045', 10),
(296, 14, 439, '3.82390', 11),
(297, 14, 464, '3.82390', 12),
(298, 14, 459, '3.82390', 13),
(299, 14, 472, '3.26055', 14),
(300, 14, 473, '3.26055', 15),
(301, 14, 451, '3.26055', 16),
(302, 14, 450, '3.26055', 17),
(303, 14, 471, '3.26055', 18),
(304, 14, 487, '3.26055', 19),
(305, 14, 441, '2.78690', 20),
(306, 14, 468, '2.78690', 21),
(307, 14, 440, '2.78690', 22),
(308, 14, 477, '2.18167', 23),
(309, 14, 456, '1.81382', 24),
(310, 14, 458, '1.81382', 25),
(311, 14, 466, '1.81382', 26),
(312, 14, 478, '1.81382', 27),
(313, 14, 445, '1.81382', 28),
(314, 14, 482, '1.81382', 29),
(315, 14, 483, '1.81382', 30),
(316, 14, 442, '1.81382', 31),
(317, 14, 485, '1.81382', 32),
(318, 14, 486, '1.81382', 33),
(319, 14, 463, '1.81382', 34),
(320, 14, 479, '1.57700', 35),
(321, 14, 452, '1.57700', 36),
(322, 14, 475, '0.97177', 37),
(323, 14, 443, '0.97177', 38),
(324, 14, 474, '0.97177', 39),
(325, 14, 446, '0.36710', 40),
(326, 14, 455, '0.36710', 41),
(327, 14, 448, '0.36710', 42),
(328, 14, 470, '0.36710', 43),
(329, 14, 449, '0.36710', 44),
(330, 14, 480, '-0.23813', 45),
(331, 14, 461, '-0.23813', 46),
(332, 14, 467, '-0.23813', 47),
(333, 14, 462, '-0.23813', 48),
(334, 14, 469, '-0.23813', 49),
(335, 14, 447, '-0.23813', 50),
(336, 14, 454, '-0.23813', 51),
(337, 14, 457, '-0.23813', 52);

-- --------------------------------------------------------

--
-- Struktur dari tabel `user`
--

CREATE TABLE `user` (
  `id_user` int(11) NOT NULL,
  `username` varchar(100) NOT NULL,
  `password` varchar(100) NOT NULL,
  `nama` varchar(100) NOT NULL,
  `level` varchar(100) NOT NULL,
  `foto` varchar(1000) NOT NULL,
  `status_aktif` varchar(100) NOT NULL
) ENGINE=InnoDB DEFAULT CHARSET=utf8;

--
-- Dumping data untuk tabel `user`
--

INSERT INTO `user` (`id_user`, `username`, `password`, `nama`, `level`, `foto`, `status_aktif`) VALUES
(1, 'ilham', 'admin', 'Ilham Makarim', 'Admin', 'file_1590560826.jpg', 'Aktif'),
(2, 'agung', 'user', 'Agung HRD', 'User', 'file_1590560793.jpg', 'Aktif'),
(3, 'andre12', 'andre123', 'ANDRE taulany', 'User', 'file_1592402175.jpeg', 'Non-Aktif'),
(4, 'agus', 'agus 123', 'agus HRD', 'User', 'file_1592453270.jpg', 'Non-Aktif');

--
-- Indexes for dumped tables
--

--
-- Indexes for table `alternatif_karyawan`
--
ALTER TABLE `alternatif_karyawan`
  ADD PRIMARY KEY (`id_alternatif_karyawan`);

--
-- Indexes for table `cabang`
--
ALTER TABLE `cabang`
  ADD PRIMARY KEY (`id_cabang`);

--
-- Indexes for table `departemen`
--
ALTER TABLE `departemen`
  ADD PRIMARY KEY (`id_departemen`);

--
-- Indexes for table `jabatan`
--
ALTER TABLE `jabatan`
  ADD PRIMARY KEY (`id_jabatan`);

--
-- Indexes for table `karyawan`
--
ALTER TABLE `karyawan`
  ADD PRIMARY KEY (`id_karyawan`);

--
-- Indexes for table `kriteria`
--
ALTER TABLE `kriteria`
  ADD PRIMARY KEY (`id_kriteria`);

--
-- Indexes for table `nilai_alternatif_karyawan`
--
ALTER TABLE `nilai_alternatif_karyawan`
  ADD PRIMARY KEY (`id_nilai`);

--
-- Indexes for table `normalisasi_kriteria`
--
ALTER TABLE `normalisasi_kriteria`
  ADD PRIMARY KEY (`id_normalisasi`);

--
-- Indexes for table `periode_seleksi`
--
ALTER TABLE `periode_seleksi`
  ADD PRIMARY KEY (`id_periode_seleksi`);

--
-- Indexes for table `rangking_moora`
--
ALTER TABLE `rangking_moora`
  ADD PRIMARY KEY (`id_rangking_moora`);

--
-- Indexes for table `user`
--
ALTER TABLE `user`
  ADD PRIMARY KEY (`id_user`);

--
-- AUTO_INCREMENT for dumped tables
--

--
-- AUTO_INCREMENT for table `alternatif_karyawan`
--
ALTER TABLE `alternatif_karyawan`
  MODIFY `id_alternatif_karyawan` int(11) NOT NULL AUTO_INCREMENT, AUTO_INCREMENT=602;
--
-- AUTO_INCREMENT for table `cabang`
--
ALTER TABLE `cabang`
  MODIFY `id_cabang` int(11) NOT NULL AUTO_INCREMENT, AUTO_INCREMENT=6;
--
-- AUTO_INCREMENT for table `departemen`
--
ALTER TABLE `departemen`
  MODIFY `id_departemen` int(11) NOT NULL AUTO_INCREMENT, AUTO_INCREMENT=7;
--
-- AUTO_INCREMENT for table `jabatan`
--
ALTER TABLE `jabatan`
  MODIFY `id_jabatan` int(11) NOT NULL AUTO_INCREMENT, AUTO_INCREMENT=25;
--
-- AUTO_INCREMENT for table `karyawan`
--
ALTER TABLE `karyawan`
  MODIFY `id_karyawan` int(11) NOT NULL AUTO_INCREMENT, AUTO_INCREMENT=61;
--
-- AUTO_INCREMENT for table `kriteria`
--
ALTER TABLE `kriteria`
  MODIFY `id_kriteria` int(11) NOT NULL AUTO_INCREMENT, AUTO_INCREMENT=7;
--
-- AUTO_INCREMENT for table `nilai_alternatif_karyawan`
--
ALTER TABLE `nilai_alternatif_karyawan`
  MODIFY `id_nilai` int(11) NOT NULL AUTO_INCREMENT, AUTO_INCREMENT=1353;
--
-- AUTO_INCREMENT for table `normalisasi_kriteria`
--
ALTER TABLE `normalisasi_kriteria`
  MODIFY `id_normalisasi` int(11) NOT NULL AUTO_INCREMENT, AUTO_INCREMENT=35;
--
-- AUTO_INCREMENT for table `periode_seleksi`
--
ALTER TABLE `periode_seleksi`
  MODIFY `id_periode_seleksi` int(11) NOT NULL AUTO_INCREMENT, AUTO_INCREMENT=17;
--
-- AUTO_INCREMENT for table `rangking_moora`
--
ALTER TABLE `rangking_moora`
  MODIFY `id_rangking_moora` int(11) NOT NULL AUTO_INCREMENT, AUTO_INCREMENT=338;
--
-- AUTO_INCREMENT for table `user`
--
ALTER TABLE `user`
  MODIFY `id_user` int(11) NOT NULL AUTO_INCREMENT, AUTO_INCREMENT=5;
/*!40101 SET CHARACTER_SET_CLIENT=@OLD_CHARACTER_SET_CLIENT */;
/*!40101 SET CHARACTER_SET_RESULTS=@OLD_CHARACTER_SET_RESULTS */;
/*!40101 SET COLLATION_CONNECTION=@OLD_COLLATION_CONNECTION */;
